parcel_id,parcel_label,hemisphere,network,subregion,system,x_mni,y_mni,z_mni,onset_response_mean,t_vs0,p_uncorrected,p_FDR_BH,sig_FDR_0.05
1,17Networks_LH_VisCent_ExStr_1,LH,VisCent,ExStr,Visual,-35.4,-62.0,-17.1,0.1542326640314542,2.8743221707947395,0.0100891842689606,0.0238797260803801,True
2,17Networks_LH_VisCent_ExStr_2,LH,VisCent,ExStr,Visual,-23.4,-72.7,-10.3,0.2132959972365199,3.612482373478441,0.0019911314123237,0.0061996735759334,True
3,17Networks_LH_VisCent_ExStr_3,LH,VisCent,ExStr,Visual,-36.4,-81.4,-16.0,0.1082445592005474,2.0789927285908028,0.0521908086694088,0.0929720261311836,False
4,17Networks_LH_VisCent_ExStr_4,LH,VisCent,ExStr,Visual,-17.0,-86.4,-15.0,0.1267058963037917,2.497453499324372,0.0224263967937404,0.0448527935874809,True
5,17Networks_LH_VisCent_ExStr_5,LH,VisCent,ExStr,Visual,-24.4,-96.7,-11.9,0.0474496175036573,0.9258833773788816,0.3667546889334868,0.4825535404653662,False
6,17Networks_LH_VisCent_ExStr_6,LH,VisCent,ExStr,Visual,-41.6,-86.4,-3.3,0.058901733182105,1.0911808156548175,0.2895848194001715,0.3966915334248925,False
7,17Networks_LH_VisCent_Striate_1,LH,VisCent,Striate,Visual,-7.4,-97.3,-7.2,0.1192695476460662,2.094058800741012,0.0506765091396551,0.090899567963507,False
8,17Networks_LH_VisCent_ExStr_7,LH,VisCent,ExStr,Visual,-46.1,-73.1,6.1,0.1317374692814554,2.439989838128438,0.0252601461737373,0.0495296983798771,True
9,17Networks_LH_VisCent_ExStr_8,LH,VisCent,ExStr,Visual,-24.4,-95.9,5.9,0.0733003420717726,1.4400053732044678,0.1670325753487948,0.2474556671833997,False
10,17Networks_LH_VisCent_ExStr_9,LH,VisCent,ExStr,Visual,-39.4,-83.7,14.1,0.0954243110365785,1.8919310150321356,0.0747003613592743,0.1250215252874884,False
11,17Networks_LH_VisCent_ExStr_10,LH,VisCent,ExStr,Visual,-10.9,-96.5,17.2,0.1415307664839109,2.336367388880264,0.0312357823339134,0.0594967282550732,False
12,17Networks_LH_VisCent_ExStr_11,LH,VisCent,ExStr,Visual,-24.9,-84.7,21.9,0.1770376849763204,2.8487002984587706,0.0106615161237797,0.0247942235436737,True
13,17Networks_LH_VisPeri_ExStrInf_1,LH,VisPeri,ExStrInf,Visual,-24.5,-54.5,-8.2,0.1903098990868886,3.636693655819627,0.0018866942906459,0.0060374217300669,True
14,17Networks_LH_VisPeri_ExStrInf_2,LH,VisPeri,ExStrInf,Visual,-12.2,-61.2,-4.7,0.2345191798361653,3.9343878012367823,0.0009720075948145,0.003633673251643,True
15,17Networks_LH_VisPeri_ExStrInf_3,LH,VisPeri,ExStrInf,Visual,-6.7,-75.8,-5.7,0.2680024975004262,3.9098348417340936,0.0010266679119129,0.0037675886675703,True
16,17Networks_LH_VisPeri_ExStrInf_4,LH,VisPeri,ExStrInf,Visual,-13.4,-42.9,-5.4,0.1597125117198074,3.298032943780007,0.0039986307515379,0.0105923993418224,True
17,17Networks_LH_VisPeri_ExStrInf_5,LH,VisPeri,ExStrInf,Visual,-14.1,-56.9,1.3,0.1967973517200543,3.404474625061555,0.0031600359350336,0.0090286741000961,True
18,17Networks_LH_VisPeri_StriCal_1,LH,VisPeri,StriCal,Visual,-4.6,-88.4,1.8,0.2556985161556832,3.6071500164325014,0.0020148939121783,0.0061996735759334,True
19,17Networks_LH_VisPeri_StriCal_2,LH,VisPeri,StriCal,Visual,-7.4,-74.2,9.5,0.297526376190965,4.64691303685902,0.0002004839969557,0.0010836972808419,True
20,17Networks_LH_VisPeri_ExStrSup_1,LH,VisPeri,ExStrSup,Visual,-18.9,-64.2,7.0,0.2389228891798098,4.30029756639716,0.0004308128275849,0.0020037805934183,True
21,17Networks_LH_VisPeri_ExStrSup_2,LH,VisPeri,ExStrSup,Visual,-3.0,-84.2,24.5,0.2931624365097859,4.723629657853522,0.0001694504655004,0.000999454297496,True
22,17Networks_LH_VisPeri_ExStrSup_3,LH,VisPeri,ExStrSup,Visual,-12.2,-71.0,20.5,0.2402043713378647,4.262344906282844,0.0004686470294559,0.0020754447146564,True
23,17Networks_LH_VisPeri_ExStrSup_4,LH,VisPeri,ExStrSup,Visual,-16.0,-89.0,33.6,0.1569408000712845,2.313891495451273,0.0326949231721867,0.0619808970088848,False
24,17Networks_LH_VisPeri_ExStrSup_5,LH,VisPeri,ExStrSup,Visual,-12.0,-80.8,36.0,0.325215928725151,4.883637976156763,0.0001195071360166,0.000783653350929,True
25,17Networks_LH_SomMotA_1,LH,SomMotA,,Somatomotor,-7.9,-15.3,46.9,0.0405790263711681,1.0549213573919252,0.3054160348850162,0.4127243714662381,False
26,17Networks_LH_SomMotA_2,LH,SomMotA,,Somatomotor,-41.0,-14.3,48.0,0.1111602666423747,2.0376940330147315,0.0565542885455212,0.1000960859212765,False
27,17Networks_LH_SomMotA_3,LH,SomMotA,,Somatomotor,-48.7,-17.4,54.2,0.0616763523686684,0.9590352733676828,0.3502468089376849,0.4654442643690165,False
28,17Networks_LH_SomMotA_4,LH,SomMotA,,Somatomotor,-47.3,-29.6,58.2,0.0517052604445403,0.8406043177429637,0.4115973197441481,0.5260029645292628,False
29,17Networks_LH_SomMotA_5,LH,SomMotA,,Somatomotor,-39.2,-24.8,52.9,0.029546953283538,0.5816273107008283,0.5680310197374109,0.6722260588608413,False
30,17Networks_LH_SomMotA_6,LH,SomMotA,,Somatomotor,-8.6,-37.5,53.5,0.163721792503378,3.396218889519005,0.0032183455777751,0.009065762190916,True
31,17Networks_LH_SomMotA_7,LH,SomMotA,,Somatomotor,-4.3,-24.8,56.2,0.0064517192101462,0.152105302819715,0.8807958110835941,0.9222992786215644,False
32,17Networks_LH_SomMotA_8,LH,SomMotA,,Somatomotor,-3.9,-8.6,59.1,0.0916913779233452,1.728317790841201,0.1010467785867315,0.1616748457387704,False
33,17Networks_LH_SomMotA_9,LH,SomMotA,,Somatomotor,-34.5,-18.3,63.6,0.0281306305504313,0.5921434109830176,0.5611196767870211,0.6679996152226442,False
34,17Networks_LH_SomMotA_10,LH,SomMotA,,Somatomotor,-32.1,-28.9,62.2,0.0077154225818171,0.1576688804297892,0.8764729652345825,0.9210998304212712,False
35,17Networks_LH_SomMotA_11,LH,SomMotA,,Somatomotor,-29.8,-38.3,64.8,0.0382226788676166,0.7072154974741668,0.4884883852313755,0.6012164741309238,False
36,17Networks_LH_SomMotA_12,LH,SomMotA,,Somatomotor,-23.5,-10.7,64.9,0.0409414048794892,0.8930965628121483,0.3835907088312207,0.4981626107784253,False
37,17Networks_LH_SomMotA_13,LH,SomMotA,,Somatomotor,-19.3,-24.3,66.5,-0.0270577585114471,-0.6976748693974526,0.494294833112448,0.6046419976910679,False
38,17Networks_LH_SomMotA_14,LH,SomMotA,,Somatomotor,-8.4,-41.7,70.2,0.0661721497496545,1.1171820562019703,0.2786071742490656,0.3873491512149548,False
39,17Networks_LH_SomMotA_15,LH,SomMotA,,Somatomotor,-4.0,-25.7,68.6,-0.0081371813124033,-0.1745900391312497,0.8633505145198017,0.911282134847586,False
40,17Networks_LH_SomMotA_16,LH,SomMotA,,Somatomotor,-14.2,-11.2,72.2,0.022836196564085,0.5242059168193367,0.6065309184196923,0.7073246862037228,False
41,17Networks_LH_SomMotA_17,LH,SomMotA,,Somatomotor,-18.5,-31.0,68.7,-0.0009388356515242,-0.0174604741972986,0.986261351039106,0.9887331839991036,False
42,17Networks_LH_SomMotA_18,LH,SomMotA,,Somatomotor,-19.0,-40.0,71.8,0.0036569608593058,0.0671866461685568,0.9471737851390184,0.9665038623867532,False
43,17Networks_LH_SomMotA_19,LH,SomMotA,,Somatomotor,-11.9,-26.8,73.3,0.012807520662031,0.2526438596601427,0.803406008449951,0.8780393534972143,False
44,17Networks_LH_SomMotB_Aud_1,LH,SomMotB,Aud,Somatomotor,-49.8,-9.8,0.5,0.1502249568840008,3.3089208210335306,0.003903663502685,0.0104796335642552,True
45,17Networks_LH_SomMotB_Aud_2,LH,SomMotB,Aud,Somatomotor,-55.9,-21.4,7.7,0.2321687762434555,4.382891065153074,0.0003587896604392,0.0017291067972976,True
46,17Networks_LH_SomMotB_Ins_1,LH,SomMotB,Ins,Somatomotor,-36.1,-24.1,9.9,0.0352529696016513,0.875249298521047,0.3929679674079488,0.5054250384668153,False
47,17Networks_LH_SomMotB_S2_1,LH,SomMotB,S2,Somatomotor,-38.3,-9.1,12.8,-0.005730804495517,-0.1184176554097247,0.9070482307013674,0.9375175511125244,False
48,17Networks_LH_SomMotB_S2_2,LH,SomMotB,S2,Somatomotor,-35.7,-26.3,18.9,-0.0152476298695339,-0.364572272830312,0.7196785919354758,0.8109054557019446,False
49,17Networks_LH_SomMotB_Aud_3,LH,SomMotB,Aud,Somatomotor,-58.6,-37.0,15.7,0.3935845914616827,7.382947382961639,7.538738980527749e-07,6.655416364819501e-05,True
50,17Networks_LH_SomMotB_Aud_4,LH,SomMotB,Aud,Somatomotor,-41.1,-34.9,14.3,0.1830321604927094,3.735700156470636,0.0015133976879985,0.005062373888569,True
51,17Networks_LH_SomMotB_S2_3,LH,SomMotB,S2,Somatomotor,-48.7,-12.9,14.2,0.0650300251550713,1.2637110810132637,0.2224557356207892,0.3177939080296989,False
52,17Networks_LH_SomMotB_S2_4,LH,SomMotB,S2,Somatomotor,-59.6,-2.3,11.3,0.0902537931050859,1.5343485368305134,0.1423334911700807,0.2148430055397445,False
53,17Networks_LH_SomMotB_S2_5,LH,SomMotB,S2,Somatomotor,-48.1,-24.2,17.8,0.0691431952794083,1.6741425374715917,0.1113899029813307,0.1754171700493397,False
54,17Networks_LH_SomMotB_S2_6,LH,SomMotB,S2,Somatomotor,-60.9,-17.5,19.5,0.0954153533880869,1.7210066803335164,0.1023923994394867,0.1631751385489828,False
55,17Networks_LH_SomMotB_Cent_1,LH,SomMotB,Cent,Somatomotor,-59.2,-2.2,23.7,0.0282952785184182,0.5982997959369282,0.5570941881019497,0.6651870902709847,False
56,17Networks_LH_SomMotB_Cent_2,LH,SomMotB,Cent,Somatomotor,-62.4,-10.3,31.2,-0.0160699244174978,-0.3217523715351151,0.7513467527517778,0.8348297252797531,False
57,17Networks_LH_SomMotB_Cent_3,LH,SomMotB,Cent,Somatomotor,-53.2,-9.0,30.0,-0.0135159493111984,-0.2812744618894722,0.7817077691519654,0.8613859715173172,False
58,17Networks_LH_SomMotB_Cent_4,LH,SomMotB,Cent,Somatomotor,-50.9,-6.8,43.1,0.1256167740016688,2.4767794727383476,0.0234095838837881,0.0465435635557137,True
59,17Networks_LH_SomMotB_Cent_5,LH,SomMotB,Cent,Somatomotor,-48.0,-16.3,40.2,0.0606413244959686,1.1818297986761055,0.2526518199598525,0.3571050458796502,False
60,17Networks_LH_DorsAttnA_TempOcc_1,LH,DorsAttnA,TempOcc,Dorsal attention,-44.9,-42.3,-21.3,0.0885211401875157,2.533149951225572,0.0208197965472261,0.0420601950449013,True
61,17Networks_LH_DorsAttnA_TempOcc_2,LH,DorsAttnA,TempOcc,Dorsal attention,-32.2,-41.4,-21.0,0.0870859260861275,2.558995252149475,0.0197250915125235,0.040670291778399,True
62,17Networks_LH_DorsAttnA_TempOcc_3,LH,DorsAttnA,TempOcc,Dorsal attention,-48.7,-55.7,-15.5,0.1496337558630622,2.7216722800249435,0.0139919300346896,0.0309213923418556,True
63,17Networks_LH_DorsAttnA_TempOcc_4,LH,DorsAttnA,TempOcc,Dorsal attention,-45.2,-70.0,-8.3,0.0672467620446185,1.2211758582175862,0.2377741037016987,0.3372682322009911,False
64,17Networks_LH_DorsAttnA_ParOcc_1,LH,DorsAttnA,ParOcc,Dorsal attention,-47.9,-65.3,14.9,0.0498497000909428,0.8907202620056125,0.3848306168263335,0.4981626107784253,False
65,17Networks_LH_DorsAttnA_ParOcc_2,LH,DorsAttnA,ParOcc,Dorsal attention,-31.8,-84.1,27.0,0.0944757555915381,1.493642364062171,0.1525917986740484,0.2286019455790987,False
66,17Networks_LH_DorsAttnA_SPL_1,LH,DorsAttnA,SPL,Dorsal attention,-26.4,-70.1,30.4,0.1747296446325369,2.907107173816322,0.0093999558263796,0.0225148642548014,True
67,17Networks_LH_DorsAttnA_SPL_2,LH,DorsAttnA,SPL,Dorsal attention,-21.2,-78.6,44.7,0.1510885777038447,3.1285832834043075,0.0058045223732317,0.0148833907005943,True
68,17Networks_LH_DorsAttnA_SPL_3,LH,DorsAttnA,SPL,Dorsal attention,-22.7,-65.5,46.4,0.2595844103018314,4.838042505937521,0.0001319800976078,0.0008379688737006,True
69,17Networks_LH_DorsAttnA_SPL_4,LH,DorsAttnA,SPL,Dorsal attention,-28.7,-58.0,50.6,0.2765049538108595,4.709161949520617,0.0001749045020618,0.000999454297496,True
70,17Networks_LH_DorsAttnA_SPL_5,LH,DorsAttnA,SPL,Dorsal attention,-35.9,-51.8,56.0,0.1960130142362438,3.3687919053442776,0.0034197846513403,0.0095658311925604,True
71,17Networks_LH_DorsAttnA_SPL_6,LH,DorsAttnA,SPL,Dorsal attention,-14.9,-71.1,57.0,0.1441104748392716,2.639675344907948,0.0166480109930263,0.0356107187016605,True
72,17Networks_LH_DorsAttnA_SPL_7,LH,DorsAttnA,SPL,Dorsal attention,-28.2,-61.2,62.3,0.1099522028203246,1.8068933651916543,0.0875247515602006,0.1428975535676744,False
73,17Networks_LH_DorsAttnB_PostC_1,LH,DorsAttnB,PostC,Dorsal attention,-61.4,-23.3,32.8,0.0505105878363478,0.8909190078896982,0.3847268132565273,0.4981626107784253,False
74,17Networks_LH_DorsAttnB_PostC_2,LH,DorsAttnB,PostC,Dorsal attention,-54.8,-19.8,40.7,-0.0018423095927769,-0.0355724470001484,0.972014803825876,0.9843187886844312,False
75,17Networks_LH_DorsAttnB_PostC_3,LH,DorsAttnB,PostC,Dorsal attention,-54.8,-31.3,44.4,0.1356076586767897,2.54323535435343,0.0203859565550342,0.0415620826566093,True
76,17Networks_LH_DorsAttnB_PostC_4,LH,DorsAttnB,PostC,Dorsal attention,-46.2,-29.1,43.8,0.1248532249495463,2.6089097965731205,0.0177633403207627,0.0375943710492333,True
77,17Networks_LH_DorsAttnB_PostC_5,LH,DorsAttnB,PostC,Dorsal attention,-39.0,-37.5,49.8,0.1140148175759756,1.9941784037978392,0.0615057091872632,0.1074335531655253,False
78,17Networks_LH_DorsAttnB_PostC_6,LH,DorsAttnB,PostC,Dorsal attention,-30.2,-46.3,62.7,0.0498755021089969,0.9157288360608176,0.3719148779889752,0.4861632392012748,False
79,17Networks_LH_DorsAttnB_PostC_7,LH,DorsAttnB,PostC,Dorsal attention,-7.4,-58.5,63.1,0.1888231907371607,2.8158638690655247,0.0114408541184386,0.0263008140653761,True
80,17Networks_LH_DorsAttnB_PostC_8,LH,DorsAttnB,PostC,Dorsal attention,-19.7,-56.5,66.3,0.0300601096787616,0.550858241185453,0.5885034393316562,0.6923569874490073,False
81,17Networks_LH_DorsAttnB_PostC_9,LH,DorsAttnB,PostC,Dorsal attention,-12.9,-50.6,71.6,0.0092282355927864,0.1487676189446588,0.8833910194575897,0.922601586900877,False
82,17Networks_LH_DorsAttnB_FEF_1,LH,DorsAttnB,FEF,Dorsal attention,-40.3,-2.3,51.3,0.1354831166988926,2.2263522278194077,0.0390011710851138,0.0715617818075482,False
83,17Networks_LH_DorsAttnB_FEF_2,LH,DorsAttnB,FEF,Dorsal attention,-25.7,-0.5,55.2,0.1394026468596936,3.0786782541622832,0.006474167877931,0.0161854196948277,True
84,17Networks_LH_DorsAttnB_FEF_3,LH,DorsAttnB,FEF,Dorsal attention,-30.0,-8.0,51.7,0.1220820884156082,2.423478675502185,0.0261345526640705,0.0509942491006254,False
85,17Networks_LH_DorsAttnB_PrCv_1,LH,DorsAttnB,PrCv,Dorsal attention,-50.0,2.6,38.0,0.1423019844194025,2.5501638034512006,0.020092884917445,0.0412161741896309,True
86,17Networks_LH_SalVentAttnA_ParOper_1,LH,SalVentAttnA,ParOper,Salience / ventral attention,-54.6,-32.0,22.2,0.1939508771125161,3.6913286871041326,0.0016706119585286,0.0054328844179792,True
87,17Networks_LH_SalVentAttnA_ParOper_2,LH,SalVentAttnA,ParOper,Salience / ventral attention,-58.0,-44.2,27.3,0.3083354115165195,5.961344245927002,1.219963846158666e-05,0.0001478744055949,True
88,17Networks_LH_SalVentAttnA_ParOper_3,LH,SalVentAttnA,ParOper,Salience / ventral attention,-61.2,-36.1,33.3,0.2162540154283124,4.170623710235941,0.0005745222600866,0.00236916395912,True
89,17Networks_LH_SalVentAttnA_Ins_1,LH,SalVentAttnA,Ins,Salience / ventral attention,-38.7,1.9,-4.6,0.2016647385630444,5.296221599351095,4.912059150945878e-05,0.0004093382625788,True
90,17Networks_LH_SalVentAttnA_Ins_2,LH,SalVentAttnA,Ins,Salience / ventral attention,-39.8,-14.4,-1.7,0.1349009544833664,2.908195048715436,0.0093778837357868,0.0225148642548014,True
91,17Networks_LH_SalVentAttnA_Ins_3,LH,SalVentAttnA,Ins,Salience / ventral attention,-33.0,19.2,8.2,0.3952932283251645,6.4762637597842,4.313002712082542e-06,9.080005709647456e-05,True
92,17Networks_LH_SalVentAttnA_Ins_4,LH,SalVentAttnA,Ins,Salience / ventral attention,-36.5,4.4,10.7,0.1593476010876866,2.6950271041881195,0.0148071846120392,0.03238374056872,True
93,17Networks_LH_SalVentAttnA_FrOper_1,LH,SalVentAttnA,FrOper,Salience / ventral attention,-50.5,1.5,4.4,0.1631112072375271,3.276102775353577,0.0041968579092186,0.0110443629189963,True
94,17Networks_LH_SalVentAttnA_FrOper_2,LH,SalVentAttnA,FrOper,Salience / ventral attention,-52.1,8.7,13.3,0.1549785285418914,2.920578738619239,0.0091301333379989,0.022133656576967,True
95,17Networks_LH_SalVentAttnA_ParMed_1,LH,SalVentAttnA,ParMed,Salience / ventral attention,-11.0,-27.4,41.1,0.1757772696095536,3.8682353665937983,0.0011263946986191,0.0040228382093541,True
96,17Networks_LH_SalVentAttnA_ParMed_2,LH,SalVentAttnA,ParMed,Salience / ventral attention,-12.6,-41.5,47.3,0.222841988517964,5.3955924012943255,3.975914531810851e-05,0.0003481067553511,True
97,17Networks_LH_SalVentAttnA_ParMed_3,LH,SalVentAttnA,ParMed,Salience / ventral attention,-5.8,-49.1,57.0,0.2530893979423473,4.323802573100601,0.0004089431670967,0.0019244384333965,True
98,17Networks_LH_SalVentAttnA_FrMed_1,LH,SalVentAttnA,FrMed,Salience / ventral attention,-6.5,0.8,40.5,0.1108780114532104,2.9000187461307316,0.009545008205575,0.0227262100132739,True
99,17Networks_LH_SalVentAttnA_FrMed_2,LH,SalVentAttnA,FrMed,Salience / ventral attention,-5.3,9.3,48.4,0.3665298968125438,6.14733909752825,8.346123378595998e-06,0.0001284018981322,True
100,17Networks_LH_SalVentAttnA_FrMed_3,LH,SalVentAttnA,FrMed,Salience / ventral attention,-8.5,-2.7,70.9,0.1072501315782515,2.5156014503589015,0.0215955317265007,0.0434081039728657,True
101,17Networks_LH_SalVentAttnB_PFCl_1,LH,SalVentAttnB,PFCl,Salience / ventral attention,-38.2,49.1,11.0,0.2768004108482782,5.268471584912625,5.211854103377667e-05,0.0004254574778267,True
102,17Networks_LH_SalVentAttnB_PFCl_2,LH,SalVentAttnB,PFCl,Salience / ventral attention,-28.9,43.3,29.5,0.3485300790219138,6.6167922572669235,3.267440483728031e-06,7.372627738833706e-05,True
103,17Networks_LH_SalVentAttnB_PFCl_3,LH,SalVentAttnB,PFCl,Salience / ventral attention,-35.9,32.0,38.5,0.2842683021755691,5.833921445486551,1.586387165164988e-05,0.0001635542426459,True
104,17Networks_LH_SalVentAttnB_Ins_1,LH,SalVentAttnB,Ins,Salience / ventral attention,-33.4,16.5,-8.3,0.2379081744562233,5.0957044357039925,7.55064552258014e-05,0.0005519650203924,True
105,17Networks_LH_SalVentAttnB_Ins_2,LH,SalVentAttnB,Ins,Salience / ventral attention,-32.9,24.6,-0.8,0.3188875007135154,5.97044130917695,1.1973971488575075e-05,0.0001478744055949,True
106,17Networks_LH_SalVentAttnB_Ins_3,LH,SalVentAttnB,Ins,Salience / ventral attention,-43.3,11.9,2.3,0.35611757568753,6.0218888773099195,1.0776239220072984e-05,0.0001390482480009,True
107,17Networks_LH_SalVentAttnB_OFC_1,LH,SalVentAttnB,OFC,Salience / ventral attention,-27.1,49.3,-13.7,0.0948199286120373,3.494563624794468,0.0025877740970956,0.0076674788062094,True
108,17Networks_LH_SalVentAttnB_PFCmp_1,LH,SalVentAttnB,PFCmp,Salience / ventral attention,-6.0,21.8,31.1,0.3415326793234554,6.066812090125381,9.831560300527749e-06,0.0001310874706737,True
109,17Networks_LH_LimbicB_OFC_1,LH,LimbicB,OFC,Limbic,-12.4,24.3,-20.5,0.0590400866234228,2.597883384689976,0.0181800823016456,0.0378751714617618,True
110,17Networks_LH_LimbicB_OFC_2,LH,LimbicB,OFC,Limbic,-23.6,22.4,-19.7,0.0939408598862947,3.300705763004914,0.0039751093599463,0.0105923993418224,True
111,17Networks_LH_LimbicB_OFC_3,LH,LimbicB,OFC,Limbic,-10.6,47.3,-21.3,0.0348570308694012,1.5711604915092618,0.133557369114464,0.2046856231639296,False
112,17Networks_LH_LimbicB_OFC_4,LH,LimbicB,OFC,Limbic,-3.9,23.3,-18.9,-0.0198168234883151,-1.0742779300717429,0.2968887513018285,0.4053088754973769,False
113,17Networks_LH_LimbicB_OFC_5,LH,LimbicB,OFC,Limbic,-15.4,64.3,-8.5,0.0003770293067095,0.0139071894041482,0.9890570131447272,0.9890570131447272,False
114,17Networks_LH_LimbicA_TempPole_1,LH,LimbicA,TempPole,Limbic,-37.4,-5.5,-42.3,-0.0109777260033949,-0.5267640421395318,0.6047890291583832,0.7073246862037228,False
115,17Networks_LH_LimbicA_TempPole_2,LH,LimbicA,TempPole,Limbic,-25.1,5.8,-38.3,-0.0205873440436661,-0.8068188258106337,0.4303031165021801,0.5412617817637485,False
116,17Networks_LH_LimbicA_TempPole_3,LH,LimbicA,TempPole,Limbic,-25.6,-9.0,-32.6,0.0111406395881204,0.7364814396180916,0.4709281851916955,0.5831927989990038,False
117,17Networks_LH_LimbicA_TempPole_4,LH,LimbicA,TempPole,Limbic,-53.8,-21.4,-31.4,-0.0120161355317583,-0.4961663383947676,0.6257812559053422,0.7213616782770516,False
118,17Networks_LH_LimbicA_TempPole_5,LH,LimbicA,TempPole,Limbic,-40.1,-21.8,-26.6,0.0432771444188933,1.9969706967636256,0.061176658100427,0.1073274703516264,False
119,17Networks_LH_LimbicA_TempPole_6,LH,LimbicA,TempPole,Limbic,-31.5,11.5,-29.4,-0.0408532900641606,-1.5547709314792204,0.1374070799938684,0.2089841520819291,False
120,17Networks_LH_LimbicA_TempPole_7,LH,LimbicA,TempPole,Limbic,-44.2,5.3,-16.2,0.0624557838060824,1.9166682907199457,0.071296009397881,0.1203308175491663,False
121,17Networks_LH_ContA_Temp_1,LH,ContA,Temp,Frontoparietal control,-55.1,-61.7,-0.7,0.1510995337227878,2.692193014585749,0.0148965206616112,0.03238374056872,True
122,17Networks_LH_ContA_IPS_1,LH,ContA,IPS,Frontoparietal control,-28.8,-74.2,42.3,0.1588134284850057,2.474827093057949,0.0235044995956354,0.0465435635557137,True
123,17Networks_LH_ContA_IPS_2,LH,ContA,IPS,Frontoparietal control,-58.3,-41.6,45.6,0.3428331348535856,6.796573528405333,2.2995785631287116e-06,7.372627738833706e-05,True
124,17Networks_LH_ContA_IPS_3,LH,ContA,IPS,Frontoparietal control,-34.4,-62.1,47.9,0.3212382104784361,5.598508041737946,2.590974914117514e-05,0.0002527780404017,True
125,17Networks_LH_ContA_IPS_4,LH,ContA,IPS,Frontoparietal control,-45.0,-41.3,46.7,0.2725777614984025,5.088761591810631,7.664468970632979e-05,0.0005519650203924,True
126,17Networks_LH_ContA_IPS_5,LH,ContA,IPS,Frontoparietal control,-33.1,-46.5,40.9,0.3240621866115448,5.139087843159076,6.877476632375736e-05,0.0005190548401793,True
127,17Networks_LH_ContA_PFCd_1,LH,ContA,PFCd,Frontoparietal control,-21.2,5.1,64.0,0.1357273402308302,3.164715454011836,0.0053623917034938,0.0138384302025648,True
128,17Networks_LH_ContA_PFClv_1,LH,ContA,PFClv,Frontoparietal control,-47.9,35.1,10.5,0.1420107832270077,4.271409244694186,0.0004593166112473,0.0020724518032885,True
129,17Networks_LH_ContA_PFClv_2,LH,ContA,PFClv,Frontoparietal control,-41.6,37.7,21.9,0.3161632262751355,5.758400697992819,1.8553776687145625e-05,0.0001855377668714,True
130,17Networks_LH_ContA_PFCl_1,LH,ContA,PFCl,Frontoparietal control,-49.4,6.0,25.6,0.0790681081062962,1.6296211808418049,0.1205560986308262,0.1871437838111339,False
131,17Networks_LH_ContA_PFCl_2,LH,ContA,PFCl,Frontoparietal control,-44.4,20.2,27.2,0.1345920418342724,2.6063389385884244,0.0178596869980985,0.0375985831868516,True
132,17Networks_LH_ContA_PFCl_3,LH,ContA,PFCl,Frontoparietal control,-39.2,7.4,33.5,0.1874165473370034,3.627987633255102,0.0019236060486229,0.0061066858686442,True
133,17Networks_LH_ContA_Cingm_1,LH,ContA,Cingm,Frontoparietal control,-3.3,6.4,28.5,0.1559419223874141,3.965000793860011,0.000907922623004,0.003486021099092,True
134,17Networks_LH_ContB_Temp_1,LH,ContB,Temp,Frontoparietal control,-60.2,-36.4,-18.1,0.0863199693821042,2.746548682750746,0.0132696799183799,0.0297199784880956,True
135,17Networks_LH_ContB_Temp_2,LH,ContB,Temp,Frontoparietal control,-60.5,-48.9,-9.7,0.2121890956782795,3.809755015150182,0.0012831899393001,0.0044632693540873,True
136,17Networks_LH_ContB_IPL_1,LH,ContB,IPL,Frontoparietal control,-48.9,-59.5,46.9,0.259479936204072,4.783877958264209,0.0001485352886146,0.0009283455538415,True
137,17Networks_LH_ContB_IPL_2,LH,ContB,IPL,Frontoparietal control,-53.2,-49.6,44.8,0.3314901975373527,6.422219218120746,4.8023834281832196e-06,9.287206069081804e-05,True
138,17Networks_LH_ContB_IPL_3,LH,ContB,IPL,Frontoparietal control,-42.1,-52.2,48.6,0.3781825229825028,6.721905846485281,2.65937153847601e-06,7.372627738833706e-05,True
139,17Networks_LH_ContB_PFCd_1,LH,ContB,PFCd,Frontoparietal control,-29.9,13.6,57.2,0.0579131058157919,1.1023147308273078,0.2848459643865684,0.3928909853607841,False
140,17Networks_LH_ContB_PFClv_1,LH,ContB,PFClv,Frontoparietal control,-41.9,49.1,-6.5,0.0462101108168006,1.3900713298655671,0.1814596318045213,0.2629849736297411,False
141,17Networks_LH_ContB_PFClv_2,LH,ContB,PFClv,Frontoparietal control,-28.0,58.4,-0.7,0.1069721057470013,2.5857776444570897,0.0186482954605918,0.0386493170167706,True
142,17Networks_LH_ContB_PFClv_3,LH,ContB,PFClv,Frontoparietal control,-27.6,56.8,13.0,0.2584520134453519,4.2051440184823665,0.0005321036677452,0.0022642709265755,True
143,17Networks_LH_ContB_PFCmp_1,LH,ContB,PFCmp,Frontoparietal control,-3.7,28.1,47.1,0.2204457392961075,3.8848241961928927,0.0010855135319987,0.0039297735018968,True
144,17Networks_LH_ContC_pCun_1,LH,ContC,pCun,Frontoparietal control,-10.3,-69.6,31.3,0.3271912530657743,4.7175870208600985,0.000171707071106,0.000999454297496,True
145,17Networks_LH_ContC_pCun_2,LH,ContC,pCun,Frontoparietal control,-9.1,-77.1,45.3,0.3567797474684638,5.831409854041181,1.5946538657981263e-05,0.0001635542426459,True
146,17Networks_LH_ContC_pCun_3,LH,ContC,pCun,Frontoparietal control,-5.0,-63.8,52.0,0.2166796697160027,3.4677976781474458,0.0027461578507099,0.0079598778281448,True
147,17Networks_LH_ContC_Cingp_1,LH,ContC,Cingp,Frontoparietal control,-5.7,-40.6,23.3,0.3397227655577837,7.212884556770871,1.0367835298423377e-06,6.655416364819501e-05,True
148,17Networks_LH_ContC_Cingp_2,LH,ContC,Cingp,Frontoparietal control,-4.1,-21.7,28.9,0.4080784249049992,7.009673987589863,1.5250429809583134e-06,6.655416364819501e-05,True
149,17Networks_LH_DefaultA_IPL_1,LH,DefaultA,IPL,Default mode,-47.3,-63.6,31.3,-0.0831585883442809,-2.1461109662715057,0.045747061283272,0.0828001109199494,False
150,17Networks_LH_DefaultA_IPL_2,LH,DefaultA,IPL,Default mode,-41.4,-72.0,43.3,0.06674497891887,1.5882907882958637,0.1296308288548063,0.1994320443920098,False
151,17Networks_LH_DefaultA_PFCd_1,LH,DefaultA,PFCd,Default mode,-24.8,28.3,43.5,0.0238285376053807,0.51768712319447,0.6109806903214705,0.7104426631645007,False
152,17Networks_LH_DefaultA_PFCd_2,LH,DefaultA,PFCd,Default mode,-18.4,35.8,48.1,-0.1276979837504899,-3.795521399708059,0.0013245437042903,0.0045283545445823,True
153,17Networks_LH_DefaultA_PFCd_3,LH,DefaultA,PFCd,Default mode,-22.4,19.4,51.8,0.0252971521104313,0.5992555476621207,0.5564706198088493,0.6651870902709847,False
154,17Networks_LH_DefaultA_pCunPCC_1,LH,DefaultA,pCunPCC,Default mode,-4.2,-53.4,20.2,-0.0265483870300311,-0.7236610382524857,0.4785738492133403,0.5908319126090621,False
155,17Networks_LH_DefaultA_pCunPCC_2,LH,DefaultA,pCunPCC,Default mode,-5.3,-60.2,30.1,-0.0331740441215453,-0.6632094225692755,0.5156008185105455,0.6268702960614535,False
156,17Networks_LH_DefaultA_pCunPCC_3,LH,DefaultA,pCunPCC,Default mode,-7.4,-44.3,32.0,0.1674806810507846,4.141684926779383,0.0006126974299418,0.0025008058364973,True
157,17Networks_LH_DefaultA_pCunPCC_4,LH,DefaultA,pCunPCC,Default mode,-4.0,-33.9,37.8,0.3553690658772506,7.158415847249629,1.149136199424491e-06,6.655416364819501e-05,True
158,17Networks_LH_DefaultA_pCunPCC_5,LH,DefaultA,pCunPCC,Default mode,-2.6,-15.5,37.0,0.2752955610476889,5.043290506206874,8.454579887519748e-05,0.0005830744750013,True
159,17Networks_LH_DefaultA_pCunPCC_6,LH,DefaultA,pCunPCC,Default mode,-3.0,-68.2,41.2,0.1470449841291294,1.9767257229274249,0.063598605543478,0.1096527681784103,False
160,17Networks_LH_DefaultA_pCunPCC_7,LH,DefaultA,pCunPCC,Default mode,-6.7,-50.9,42.8,0.1421427027558977,2.9257788680163808,0.009027996052476,0.0220195025670147,True
161,17Networks_LH_DefaultA_PFCm_1,LH,DefaultA,PFCm,Default mode,-4.7,55.1,-10.1,-0.0351511060116349,-1.408103985979036,0.1761377096622039,0.2580772302742915,False
162,17Networks_LH_DefaultA_PFCm_2,LH,DefaultA,PFCm,Default mode,-5.9,34.9,-8.8,0.0120586728248856,0.5143332488214734,0.6132761714347683,0.7110448364461082,False
163,17Networks_LH_DefaultA_PFCm_3,LH,DefaultA,PFCm,Default mode,-6.4,59.2,6.5,0.0804504069452991,1.924882594859815,0.0701964311790828,0.1189770019984455,False
164,17Networks_LH_DefaultA_PFCm_4,LH,DefaultA,PFCm,Default mode,-6.1,44.7,5.9,0.1532003720965077,3.7707935951388625,0.001399575845081,0.0047443248985797,True
165,17Networks_LH_DefaultA_PFCm_5,LH,DefaultA,PFCm,Default mode,-16.1,67.0,8.4,0.0542600050732868,1.752971207937376,0.0966213535283188,0.1552150257483034,False
166,17Networks_LH_DefaultA_PFCm_6,LH,DefaultA,PFCm,Default mode,-5.4,33.7,20.4,0.2691567340918417,5.556167609130215,2.8320059048068467e-05,0.0002697148480768,True
167,17Networks_LH_DefaultB_Temp_1,LH,DefaultB,Temp,Default mode,-43.3,12.9,-33.3,-0.1524111844056031,-4.668005134754957,0.0001914164527798,0.0010722098716502,True
168,17Networks_LH_DefaultB_Temp_2,LH,DefaultB,Temp,Default mode,-53.9,-1.6,-29.3,-0.1215185884885879,-4.520056979508389,0.0002650163054397,0.0013590579766139,True
169,17Networks_LH_DefaultB_Temp_3,LH,DefaultB,Temp,Default mode,-61.5,-17.6,-20.5,-0.0621789898671202,-2.227010304328164,0.0389498396585815,0.0715617818075482,False
170,17Networks_LH_DefaultB_Temp_4,LH,DefaultB,Temp,Default mode,-57.0,-8.9,-13.9,-0.1514301041940426,-3.943191323881847,0.0009531274117848,0.0035967072142822,True
171,17Networks_LH_DefaultB_Temp_5,LH,DefaultB,Temp,Default mode,-60.6,-34.7,-3.2,-0.009410141964372,-0.2085411467797118,0.8371480995153873,0.8972446391490799,False
172,17Networks_LH_DefaultB_Temp_6,LH,DefaultB,Temp,Default mode,-52.4,-22.6,-5.2,-0.046435558780679,-0.7910814814045136,0.4391964728669011,0.5489955910836264,False
173,17Networks_LH_DefaultB_IPL_1,LH,DefaultB,IPL,Default mode,-45.7,-59.0,21.1,-0.1200427838422583,-2.6593593455774753,0.0159697143969203,0.0343434718213341,True
174,17Networks_LH_DefaultB_IPL_2,LH,DefaultB,IPL,Default mode,-56.5,-54.6,29.7,0.0833601853182004,1.7532327226769626,0.0965753253258725,0.1552150257483034,False
175,17Networks_LH_DefaultB_PFCd_1,LH,DefaultB,PFCd,Default mode,-4.2,51.4,27.9,-0.0529318884546918,-1.669223602596703,0.1123724571097289,0.1762705209564375,False
176,17Networks_LH_DefaultB_PFCd_2,LH,DefaultB,PFCd,Default mode,-13.8,57.5,30.9,-0.0402726491263959,-1.0334882781344816,0.3150621264460497,0.4229021831490601,False
177,17Networks_LH_DefaultB_PFCd_3,LH,DefaultB,PFCd,Default mode,-21.9,50.2,31.3,0.1651913944350727,2.9627707029442365,0.0083326790663889,0.0204482921874574,True
178,17Networks_LH_DefaultB_PFCd_4,LH,DefaultB,PFCd,Default mode,-7.9,42.7,51.2,-0.1500294867912466,-5.394072229516584,3.988762222375584e-05,0.0003481067553511,True
179,17Networks_LH_DefaultB_PFCd_5,LH,DefaultB,PFCd,Default mode,-12.5,24.2,61.1,-0.0296297030330093,-0.7666945458526807,0.453202094581335,0.5629839684240185,False
180,17Networks_LH_DefaultB_PFCd_6,LH,DefaultB,PFCd,Default mode,-6.5,10.4,64.4,0.1444228688316074,2.839130323039756,0.0108832097132709,0.0251634906665225,True
181,17Networks_LH_DefaultB_PFCl_1,LH,DefaultB,PFCl,Default mode,-41.3,19.0,47.8,0.0441877657310238,0.8290842994170433,0.417916010866504,0.5306386013514385,False
182,17Networks_LH_DefaultB_PFCl_2,LH,DefaultB,PFCl,Default mode,-41.6,7.1,48.6,0.042078113415445,0.6314713380675718,0.5356701274443405,0.6473355014433118,False
183,17Networks_LH_DefaultB_PFCv_1,LH,DefaultB,PFCv,Default mode,-35.6,22.3,-15.5,0.0297692757303379,1.1164994555220382,0.2788913888747674,0.3873491512149548,False
184,17Networks_LH_DefaultB_PFCv_2,LH,DefaultB,PFCv,Default mode,-35.9,36.9,-13.0,0.0599687469234047,1.6159281501947595,0.1235010817766436,0.1907352614311098,False
185,17Networks_LH_DefaultB_PFCv_3,LH,DefaultB,PFCv,Default mode,-46.2,31.6,-10.3,0.0360779821777033,1.098727155196619,0.2863666696881831,0.3936311610834132,False
186,17Networks_LH_DefaultB_PFCv_4,LH,DefaultB,PFCv,Default mode,-47.7,28.3,0.5,0.0852242968561662,2.298975571991909,0.0336979347309315,0.0635810089262859,False
187,17Networks_LH_DefaultB_PFCv_5,LH,DefaultB,PFCv,Default mode,-53.0,19.2,11.5,0.0754306120065282,1.8772518230987616,0.0767879216842288,0.1279798694737147,False
188,17Networks_LH_DefaultC_IPL_1,LH,DefaultC,IPL,Default mode,-40.4,-78.5,30.2,-0.0525107100230383,-1.3151204575659088,0.2049777752366741,0.2949320507002505,False
189,17Networks_LH_DefaultC_Rsp_1,LH,DefaultC,Rsp,Default mode,-13.5,-48.9,4.0,0.097538146172204,1.7734981865440886,0.0930658806297177,0.1507139767282878,False
190,17Networks_LH_DefaultC_Rsp_2,LH,DefaultC,Rsp,Default mode,-8.0,-51.9,9.2,0.0912964554885197,1.7821232451503295,0.0916062371262009,0.1489532310995137,False
191,17Networks_LH_DefaultC_Rsp_3,LH,DefaultC,Rsp,Default mode,-13.0,-60.7,18.6,0.0157605942483518,0.3648995650387316,0.7194384507685881,0.8109054557019446,False
192,17Networks_LH_DefaultC_PHC_1,LH,DefaultC,PHC,Default mode,-21.0,-20.7,-25.6,0.0301197326087029,1.457459601726877,0.1622154778573669,0.241212606479356,False
193,17Networks_LH_DefaultC_PHC_2,LH,DefaultC,PHC,Default mode,-30.1,-32.6,-18.0,-0.0044061298827908,-0.1565428157956756,0.8773475884762608,0.9210998304212712,False
194,17Networks_LH_DefaultC_PHC_3,LH,DefaultC,PHC,Default mode,-18.6,-37.3,-11.8,0.0675869168013102,2.0047940701727995,0.0602631353558522,0.1061905468825589,False
195,17Networks_LH_TempPar_1,LH,TempPar,,Temporoparietal,-52.8,6.2,-11.6,-0.0060034292407916,-0.1210402224617687,0.905000120499714,0.9375175511125244,False
196,17Networks_LH_TempPar_2,LH,TempPar,,Temporoparietal,-60.5,-12.6,-2.7,-0.0157922650395053,-0.3616232091209804,0.721843733333338,0.8110603745318404,False
197,17Networks_LH_TempPar_3,LH,TempPar,,Temporoparietal,-61.7,-31.9,5.0,0.0812125242724682,1.3942116901602286,0.1802263810010947,0.2621474632743196,False
198,17Networks_LH_TempPar_4,LH,TempPar,,Temporoparietal,-52.6,-43.0,5.1,0.0329548495751168,0.5518072571145084,0.5878665063105564,0.6923569874490073,False
199,17Networks_LH_TempPar_5,LH,TempPar,,Temporoparietal,-56.6,-53.7,10.0,0.1250760987521852,1.9501810560594417,0.0669041763706682,0.1142347644315374,False
200,17Networks_LH_TempPar_6,LH,TempPar,,Temporoparietal,-58.5,-49.0,16.2,0.2441024762939439,4.254050648403603,0.0004773522843709,0.0020754447146564,True
201,17Networks_RH_VisCent_ExStr_1,RH,VisCent,ExStr,Visual,35.4,-53.7,-17.3,0.1021523578876915,2.248963008101186,0.03727273642961,0.0690235859807594,False
202,17Networks_RH_VisCent_ExStr_2,RH,VisCent,ExStr,Visual,37.1,-73.3,-15.4,0.0903784048153937,1.534937723196897,0.1421893290996099,0.2148430055397445,False
203,17Networks_RH_VisCent_ExStr_3,RH,VisCent,ExStr,Visual,23.1,-73.6,-10.7,0.1787665007320817,3.0843335399470115,0.0063946536335231,0.0161831748230521,True
204,17Networks_RH_VisCent_ExStr_4,RH,VisCent,ExStr,Visual,19.3,-88.0,-12.5,0.0502878644258772,0.8092826461740534,0.4289211151021466,0.5412253818323617,False
205,17Networks_RH_VisCent_ExStr_5,RH,VisCent,ExStr,Visual,42.3,-83.6,-12.2,0.0294836306171618,0.4426221926556145,0.6633120048291489,0.7559111166144147,False
206,17Networks_RH_VisCent_ExStr_6,RH,VisCent,ExStr,Visual,25.2,-96.5,-9.9,0.0103218294466018,0.2143591684971839,0.832676628415913,0.8972446391490799,False
207,17Networks_RH_VisCent_Striate_1,RH,VisCent,Striate,Visual,8.4,-92.1,-1.6,0.1313736970393687,1.9861222897331157,0.0624639841037051,0.1086330158325307,False
208,17Networks_RH_VisCent_ExStr_7,RH,VisCent,ExStr,Visual,35.4,-88.7,2.1,0.0137886226096328,0.2383910619170676,0.8142706230761296,0.8850767642131844,False
209,17Networks_RH_VisCent_ExStr_8,RH,VisCent,ExStr,Visual,23.6,-98.8,7.4,0.0395493529047335,0.7803786759205644,0.4453097284034041,0.5549030883531515,False
210,17Networks_RH_VisCent_ExStr_9,RH,VisCent,ExStr,Visual,43.8,-78.8,10.4,0.0825980440958899,1.5262011576631207,0.1443394981352709,0.2170518768951443,False
211,17Networks_RH_VisCent_ExStr_10,RH,VisCent,ExStr,Visual,12.7,-94.1,18.8,0.1658758612583642,2.6929866348514575,0.0148714524580478,0.03238374056872,True
212,17Networks_RH_VisCent_ExStr_11,RH,VisCent,ExStr,Visual,27.1,-87.1,20.7,0.1329372841839727,2.367950374578513,0.0292875647540779,0.056052755510197,False
213,17Networks_RH_VisPeri_ExStrInf_1,RH,VisPeri,ExStrInf,Visual,26.1,-51.9,-8.8,0.1429573474719984,2.85936659961894,0.0104195524978884,0.0244927048190029,True
214,17Networks_RH_VisPeri_ExStrInf_2,RH,VisPeri,ExStrInf,Visual,18.2,-35.9,-12.5,0.0881095939836225,2.54128164228188,0.0204693257083801,0.0415620826566093,True
215,17Networks_RH_VisPeri_ExStrInf_3,RH,VisPeri,ExStrInf,Visual,9.2,-72.2,-4.8,0.2453757706641867,3.5922590764623337,0.0020827542188391,0.0063595548666845,True
216,17Networks_RH_VisPeri_ExStrInf_4,RH,VisPeri,ExStrInf,Visual,12.9,-57.4,-3.4,0.2243585159501261,3.719140867091181,0.001570266475454,0.0051909635552199,True
217,17Networks_RH_VisPeri_ExStrInf_5,RH,VisPeri,ExStrInf,Visual,17.9,-44.7,-2.7,0.1832662632384098,4.048353156810489,0.0007541035436078,0.0029865486875557,True
218,17Networks_RH_VisPeri_StriCal_1,RH,VisPeri,StriCal,Visual,9.0,-73.4,8.3,0.2892484288017898,4.4199695770739345,0.0003305413704287,0.0016527068521438,True
219,17Networks_RH_VisPeri_StriCal_2,RH,VisPeri,StriCal,Visual,21.6,-59.5,5.8,0.1790299122025288,3.3987241225317284,0.0032005399924522,0.009065762190916,True
220,17Networks_RH_VisPeri_ExStrSup_1,RH,VisPeri,ExStrSup,Visual,15.8,-66.0,18.8,0.2013682392624685,3.50863305980352,0.0025081808034617,0.0074871068760053,True
221,17Networks_RH_VisPeri_ExStrSup_2,RH,VisPeri,ExStrSup,Visual,5.0,-80.0,23.3,0.2918416704550708,4.652066461270846,0.0001982290064191,0.0010836972808419,True
222,17Networks_RH_VisPeri_ExStrSup_3,RH,VisPeri,ExStrSup,Visual,14.3,-77.4,33.7,0.3635737510201033,6.110746104754938,8.990118694334387e-06,0.0001310874706737,True
223,17Networks_RH_VisPeri_ExStrSup_4,RH,VisPeri,ExStrSup,Visual,16.2,-86.8,36.6,0.1742316498491909,2.670284002097983,0.0156047032735636,0.0337398989698672,True
224,17Networks_RH_SomMotA_1,RH,SomMotA,,Somatomotor,54.6,-16.8,40.2,-0.0123810928973976,-0.2447262221905601,0.809436527663337,0.8822196486793864,False
225,17Networks_RH_SomMotA_2,RH,SomMotA,,Somatomotor,52.3,-12.8,49.2,0.0573609053917492,0.9235284013598564,0.3679470746048418,0.4825535404653662,False
226,17Networks_RH_SomMotA_3,RH,SomMotA,,Somatomotor,44.1,-10.8,48.2,0.1323878119021957,2.273746185133348,0.0354596187413178,0.0659713837047773,False
227,17Networks_RH_SomMotA_4,RH,SomMotA,,Somatomotor,49.1,-25.5,55.8,0.0016550762659054,0.0256663961091331,0.9798058374157964,0.9851350758237244,False
228,17Networks_RH_SomMotA_5,RH,SomMotA,,Somatomotor,6.9,-10.0,51.3,0.0581001361574482,1.2367829590515838,0.2320619696387212,0.3303373233291405,False
229,17Networks_RH_SomMotA_6,RH,SomMotA,,Somatomotor,42.4,-21.1,54.7,-0.0279096062648819,-0.4290689650776987,0.6729644695946153,0.7647323518120629,False
230,17Networks_RH_SomMotA_7,RH,SomMotA,,Somatomotor,36.4,-18.2,63.3,-0.0101152213927702,-0.184037064414957,0.856041793265452,0.9106062051357702,False
231,17Networks_RH_SomMotA_8,RH,SomMotA,,Somatomotor,32.4,-34.1,63.1,-0.003258268375902,-0.0554789194494854,0.9563680946696256,0.9734026408851152,False
232,17Networks_RH_SomMotA_9,RH,SomMotA,,Somatomotor,31.0,-40.6,64.0,-0.0051985678678649,-0.1003707192714279,0.9211595155957392,0.947207728119012,False
233,17Networks_RH_SomMotA_10,RH,SomMotA,,Somatomotor,34.1,-27.2,61.0,-0.0841099277929755,-1.394632885239954,0.1801013028908793,0.2621474632743196,False
234,17Networks_RH_SomMotA_11,RH,SomMotA,,Somatomotor,4.4,-24.7,58.4,0.0056292033359841,0.1209249997518819,0.9050900901059564,0.9375175511125244,False
235,17Networks_RH_SomMotA_12,RH,SomMotA,,Somatomotor,28.7,-10.9,64.8,0.0516557825287097,1.1125466768232506,0.2805414157651966,0.3882926169760506,False
236,17Networks_RH_SomMotA_13,RH,SomMotA,,Somatomotor,9.2,-40.1,68.0,0.0313750337560986,0.6321376075514545,0.535244465081943,0.6473355014433118,False
237,17Networks_RH_SomMotA_14,RH,SomMotA,,Somatomotor,21.2,-24.4,66.0,-0.0274338156610688,-0.6012610026257477,0.5551633872332592,0.6651870902709847,False
238,17Networks_RH_SomMotA_15,RH,SomMotA,,Somatomotor,22.2,-28.9,67.9,-0.0251151049059047,-0.4855189539844153,0.6331653289711258,0.7277762401966963,False
239,17Networks_RH_SomMotA_16,RH,SomMotA,,Somatomotor,22.3,-35.0,70.4,-0.0117455301897936,-0.2062328602118382,0.8389237376043897,0.8972446391490799,False
240,17Networks_RH_SomMotA_17,RH,SomMotA,,Somatomotor,16.8,-6.2,69.5,0.1118819728290356,1.983285649674164,0.0628045768724915,0.1087525140649204,False
241,17Networks_RH_SomMotA_18,RH,SomMotA,,Somatomotor,5.5,-22.0,71.7,-0.0332202424517685,-0.6188778512773027,0.5437504522941614,0.6551210268604355,False
242,17Networks_RH_SomMotA_19,RH,SomMotA,,Somatomotor,16.3,-18.4,72.6,-0.001263440649171,-0.0256672532433403,0.9798051631841792,0.9851350758237244,False
243,17Networks_RH_SomMotA_20,RH,SomMotA,,Somatomotor,12.8,-32.9,75.6,0.0096239831054359,0.1958552955253557,0.8469174910647158,0.9033786571356968,False
244,17Networks_RH_SomMotB_Aud_1,RH,SomMotB,Aud,Somatomotor,53.1,2.6,-5.6,0.1875235830737211,4.129777689118025,0.0006291375138828,0.0025419697530618,True
245,17Networks_RH_SomMotB_Aud_2,RH,SomMotB,Aud,Somatomotor,53.5,-13.7,5.7,0.1407952097483188,3.5700691837455127,0.002188108874729,0.0066306329537244,True
246,17Networks_RH_SomMotB_Ins_1,RH,SomMotB,Ins,Somatomotor,39.8,-18.4,4.8,0.0699685467349299,2.1068310098154406,0.0494241402610702,0.0890525049749014,False
247,17Networks_RH_SomMotB_S2_1,RH,SomMotB,S2,Somatomotor,37.9,-7.9,13.8,-0.0029384824981488,-0.0704885884619711,0.9445820264878554,0.966324323772742,False
248,17Networks_RH_SomMotB_S2_2,RH,SomMotB,S2,Somatomotor,34.8,-21.5,14.3,0.0268395211421559,0.6789875721569321,0.5057832278784603,0.6168088144859272,False
249,17Networks_RH_SomMotB_Aud_3,RH,SomMotB,Aud,Somatomotor,60.1,-23.7,10.8,0.2973266195831023,6.964204749707908,1.6638540912048751e-06,6.655416364819501e-05,True
250,17Networks_RH_SomMotB_S2_3,RH,SomMotB,S2,Somatomotor,40.9,-13.1,18.2,-0.0576574002206727,-1.3268460625963765,0.2011469242734358,0.2904648725970192,False
251,17Networks_RH_SomMotB_S2_4,RH,SomMotB,S2,Somatomotor,41.5,-28.9,18.0,0.0238641818360305,0.5242938995122708,0.6064709684798351,0.7073246862037228,False
252,17Networks_RH_SomMotB_S2_5,RH,SomMotB,S2,Somatomotor,49.5,-10.0,12.9,0.0587172539758542,1.2909844697374089,0.2130440777065353,0.3054395379305166,False
253,17Networks_RH_SomMotB_S2_6,RH,SomMotB,S2,Somatomotor,59.2,0.7,10.4,0.1009771089568627,1.8144445990053313,0.0863125462785058,0.1414959775057473,False
254,17Networks_RH_SomMotB_S2_7,RH,SomMotB,S2,Somatomotor,49.0,-21.3,18.5,0.0094291317112244,0.1744747053564814,0.8634398227680877,0.911282134847586,False
255,17Networks_RH_SomMotB_S2_8,RH,SomMotB,S2,Somatomotor,61.8,-11.5,15.3,0.0803246511197887,1.4650915168515024,0.1601452056067643,0.2390226949354692,False
256,17Networks_RH_SomMotB_Cent_1,RH,SomMotB,Cent,Somatomotor,60.7,6.4,29.3,0.0435232517968654,0.7033515249650152,0.4908351897454084,0.6022517665587833,False
257,17Networks_RH_SomMotB_Cent_2,RH,SomMotB,Cent,Somatomotor,59.2,-5.3,27.2,0.0143270528370722,0.3122717995563692,0.7584225184569443,0.8403573611711295,False
258,17Networks_RH_SomMotB_Cent_3,RH,SomMotB,Cent,Somatomotor,51.5,-6.4,37.2,0.0823086846415071,1.6289092140598034,0.1207077405581814,0.1871437838111339,False
259,17Networks_RH_DorsAttnA_TempOcc_1,RH,DorsAttnA,TempOcc,Dorsal attention,33.5,-36.5,-22.9,0.0505069837691266,1.9487600096930928,0.0670853893638243,0.1142347644315374,False
260,17Networks_RH_DorsAttnA_TempOcc_2,RH,DorsAttnA,TempOcc,Dorsal attention,49.8,-49.3,-18.1,0.1206253536400949,2.8570951959480406,0.0104706313101237,0.0244927048190029,True
261,17Networks_RH_DorsAttnA_TempOcc_3,RH,DorsAttnA,TempOcc,Dorsal attention,50.1,-64.5,-9.3,0.063883052228169,1.067458935705881,0.299872866015436,0.4079902938985523,False
262,17Networks_RH_DorsAttnA_ParOcc_1,RH,DorsAttnA,ParOcc,Dorsal attention,48.6,-65.7,4.3,0.1102871774731079,2.221817252712088,0.0393566061429083,0.0718842121331659,False
263,17Networks_RH_DorsAttnA_ParOcc_2,RH,DorsAttnA,ParOcc,Dorsal attention,53.7,-55.6,12.4,0.1463386159456474,2.295168204254816,0.0339584905745555,0.0637718132855503,False
264,17Networks_RH_DorsAttnA_ParOcc_3,RH,DorsAttnA,ParOcc,Dorsal attention,35.6,-79.3,24.2,0.1269556736235842,2.2766550379541077,0.0352522415579491,0.0658920402952319,False
265,17Networks_RH_DorsAttnA_SPL_1,RH,DorsAttnA,SPL,Dorsal attention,28.9,-77.8,36.7,0.1784189990474762,3.201827906903578,0.0049425885219232,0.0128378922647358,True
266,17Networks_RH_DorsAttnA_SPL_2,RH,DorsAttnA,SPL,Dorsal attention,31.6,-66.5,35.4,0.2528729739096632,4.388912547921713,0.0003540413051931,0.0017270307570395,True
267,17Networks_RH_DorsAttnA_SPL_3,RH,DorsAttnA,SPL,Dorsal attention,18.6,-79.0,50.2,0.2230088088753044,3.657434750794624,0.0018015695118087,0.0058115145542216,True
268,17Networks_RH_DorsAttnA_SPL_4,RH,DorsAttnA,SPL,Dorsal attention,30.9,-63.8,53.0,0.3092311069440982,4.410882019176038,0.0003372494700462,0.0016654294817098,True
269,17Networks_RH_DorsAttnA_SPL_5,RH,DorsAttnA,SPL,Dorsal attention,20.9,-68.6,52.9,0.188932285032635,3.268416037688479,0.0042685984799782,0.0111597345881783,True
270,17Networks_RH_DorsAttnA_SPL_6,RH,DorsAttnA,SPL,Dorsal attention,34.0,-50.6,54.3,0.1833571316974962,3.081611105438213,0.0064328119921632,0.0161831748230521,True
271,17Networks_RH_DorsAttnA_SPL_7,RH,DorsAttnA,SPL,Dorsal attention,26.7,-58.1,60.7,0.0483527815458666,0.8512511399038492,0.4058125591794417,0.5202725117685151,False
272,17Networks_RH_DorsAttnA_SPL_8,RH,DorsAttnA,SPL,Dorsal attention,13.5,-64.0,64.8,0.0522903742499581,0.8292170725844019,0.4178428336369704,0.5306386013514385,False
273,17Networks_RH_DorsAttnB_TempOcc_1,RH,DorsAttnB,TempOcc,Dorsal attention,59.3,-54.6,-2.6,0.2654484339215266,3.734126611871531,0.0015187121665707,0.005062373888569,True
274,17Networks_RH_DorsAttnB_PostC_1,RH,DorsAttnB,PostC,Dorsal attention,61.2,-14.2,30.2,0.030295294061162,0.5000419531526954,0.6231034996882041,0.7203508666915655,False
275,17Networks_RH_DorsAttnB_PostC_2,RH,DorsAttnB,PostC,Dorsal attention,57.2,-22.5,44.0,0.0194224484907216,0.358052691524576,0.7244683718098268,0.8117292681342597,False
276,17Networks_RH_DorsAttnB_PostC_3,RH,DorsAttnB,PostC,Dorsal attention,43.6,-37.6,50.0,0.1749206983487273,2.797513420563756,0.0118999556022363,0.0270453536414461,True
277,17Networks_RH_DorsAttnB_PostC_4,RH,DorsAttnB,PostC,Dorsal attention,45.2,-28.2,42.9,0.079176224912748,1.556176023211107,0.1370734410143026,0.2089841520819291,False
278,17Networks_RH_DorsAttnB_PostC_5,RH,DorsAttnB,PostC,Dorsal attention,35.8,-36.0,51.5,0.054129686627933,0.8811180093744556,0.3898679300797456,0.5030553936512846,False
279,17Networks_RH_DorsAttnB_PostC_6,RH,DorsAttnB,PostC,Dorsal attention,7.4,-53.7,59.8,0.1943696291340626,3.324369258842818,0.0037727138740904,0.0101965239840281,True
280,17Networks_RH_DorsAttnB_PostC_7,RH,DorsAttnB,PostC,Dorsal attention,24.4,-50.0,68.2,-0.0027881910135702,-0.0484457526994182,0.9618944959320588,0.976542635464019,False
281,17Networks_RH_DorsAttnB_PostC_8,RH,DorsAttnB,PostC,Dorsal attention,16.1,-46.7,73.7,-0.020142130281804,-0.3407732301089634,0.7372194487737943,0.823708881311502,False
282,17Networks_RH_DorsAttnB_FEF_1,RH,DorsAttnB,FEF,Dorsal attention,39.5,-3.1,52.9,0.2514867771697387,4.324450544788012,0.0004083564274149,0.0019244384333965,True
283,17Networks_RH_DorsAttnB_FEF_2,RH,DorsAttnB,FEF,Dorsal attention,27.6,-3.6,52.2,0.1801055045810835,3.347579769143638,0.0035840558518156,0.0097525329301105,True
284,17Networks_RH_DorsAttnB_FEF_3,RH,DorsAttnB,FEF,Dorsal attention,24.8,-3.1,63.8,0.1671811525088984,2.7446097467615935,0.0133246663173045,0.0297199784880956,True
285,17Networks_RH_SalVentAttnA_ParOper_1,RH,SalVentAttnA,ParOper,Salience / ventral attention,57.9,-30.9,24.3,0.2349475730735493,4.549634453492976,0.0002482968294194,0.0013068254179973,True
286,17Networks_RH_SalVentAttnA_ParOper_2,RH,SalVentAttnA,ParOper,Salience / ventral attention,60.4,-21.9,22.5,0.1339106116778635,2.077953455545995,0.0522967646987907,0.0929720261311836,False
287,17Networks_RH_SalVentAttnA_ParOper_3,RH,SalVentAttnA,ParOper,Salience / ventral attention,62.6,-25.8,38.0,0.1443094059811575,2.375275340887417,0.0288521976702866,0.0554849955197819,False
288,17Networks_RH_SalVentAttnA_PrC_1,RH,SalVentAttnA,PrC,Salience / ventral attention,51.0,3.4,40.8,0.198910806070036,3.478104516149489,0.0026840639992765,0.0078943058802251,True
289,17Networks_RH_SalVentAttnA_Ins_1,RH,SalVentAttnA,Ins,Salience / ventral attention,40.5,5.0,-15.5,0.1489509199192442,4.864938164302707,0.0001244704778457,0.0008030353409401,True
290,17Networks_RH_SalVentAttnA_Ins_2,RH,SalVentAttnA,Ins,Salience / ventral attention,40.5,8.7,-2.8,0.2758516379831124,5.392366635728365,4.00322768653834e-05,0.0003481067553511,True
291,17Networks_RH_SalVentAttnA_Ins_3,RH,SalVentAttnA,Ins,Salience / ventral attention,40.2,-10.6,-4.2,0.2065246263290984,4.4354692784449625,0.0003194100901228,0.0016172662791031,True
292,17Networks_RH_SalVentAttnA_Ins_4,RH,SalVentAttnA,Ins,Salience / ventral attention,39.2,-1.5,5.5,0.1325815258861774,2.7428769877530783,0.013373990319643,0.0297199784880956,True
293,17Networks_RH_SalVentAttnA_FrOper_1,RH,SalVentAttnA,FrOper,Salience / ventral attention,38.4,7.0,10.5,0.2261077387426364,4.173864605060168,0.000570398942086,0.00236916395912,True
294,17Networks_RH_SalVentAttnA_FrOper_2,RH,SalVentAttnA,FrOper,Salience / ventral attention,49.5,4.9,3.6,0.235686495695457,4.174869914111101,0.0005691259776375,0.00236916395912,True
295,17Networks_RH_SalVentAttnA_FrOper_3,RH,SalVentAttnA,FrOper,Salience / ventral attention,53.8,11.9,11.7,0.2661821262275422,4.89593133388515,0.0001163545493661,0.0007756969957741,True
296,17Networks_RH_SalVentAttnA_FrMed_1,RH,SalVentAttnA,FrMed,Salience / ventral attention,7.6,2.3,43.2,0.1696015379785002,3.430195089560773,0.0029849783691854,0.0085898658106056,True
297,17Networks_RH_SalVentAttnA_ParMed_1,RH,SalVentAttnA,ParMed,Salience / ventral attention,11.1,-17.0,41.3,0.1850233060263251,3.61351070656712,0.0019865809943992,0.0061996735759334,True
298,17Networks_RH_SalVentAttnA_ParMed_2,RH,SalVentAttnA,ParMed,Salience / ventral attention,11.4,-33.5,42.5,0.3351335570056879,6.391440670755897,5.106409562915888e-06,9.287206069081804e-05,True
299,17Networks_RH_SalVentAttnA_FrMed_2,RH,SalVentAttnA,FrMed,Salience / ventral attention,5.7,10.6,57.5,0.3818950130942677,6.0713495436809755,9.741016426942882e-06,0.0001310874706737,True
300,17Networks_RH_SalVentAttnA_ParMed_3,RH,SalVentAttnA,ParMed,Salience / ventral attention,10.2,-43.2,53.4,0.2452740544350707,4.752406454296618,0.0001591106595932,0.0009643070278375,True
301,17Networks_RH_SalVentAttnA_ParMed_4,RH,SalVentAttnA,ParMed,Salience / ventral attention,10.6,-32.3,50.6,0.1368526101725236,2.4448346896339586,0.0250088236902417,0.0492784703255994,True
302,17Networks_RH_SalVentAttnA_FrMed_3,RH,SalVentAttnA,FrMed,Salience / ventral attention,6.8,-1.6,66.6,0.1862340821445076,3.472563015970718,0.0027172742799101,0.0079336475325842,True
303,17Networks_RH_SalVentAttnA_FrMed_4,RH,SalVentAttnA,FrMed,Salience / ventral attention,16.2,6.6,69.3,0.2218523863206584,3.9614758038773665,0.0009150805385116,0.003486021099092,True
304,17Networks_RH_SalVentAttnB_IPL_1,RH,SalVentAttnB,IPL,Salience / ventral attention,62.1,-37.4,37.0,0.3575626229133352,6.628828434203868,3.191057293324569e-06,7.372627738833706e-05,True
305,17Networks_RH_SalVentAttnB_PFClv_1,RH,SalVentAttnB,PFClv,Salience / ventral attention,49.0,39.9,5.0,0.1972760634205553,4.71101505497124,0.0001741960677372,0.000999454297496,True
306,17Networks_RH_SalVentAttnB_PFCl_1,RH,SalVentAttnB,PFCl,Salience / ventral attention,41.7,45.9,14.3,0.3002818815605285,6.159108875568382,8.149261848408785e-06,0.0001284018981322,True
307,17Networks_RH_SalVentAttnB_PFCl_2,RH,SalVentAttnB,PFCl,Salience / ventral attention,25.3,54.1,24.8,0.3044835448005165,5.837668363384587,1.5741364032028724e-05,0.0001635542426459,True
308,17Networks_RH_SalVentAttnB_PFCl_3,RH,SalVentAttnB,PFCl,Salience / ventral attention,32.4,44.7,28.4,0.411541371800851,6.74437642456517,2.5453401059476364e-06,7.372627738833706e-05,True
309,17Networks_RH_SalVentAttnB_Ins_1,RH,SalVentAttnB,Ins,Salience / ventral attention,33.9,21.1,-7.7,0.240076539983981,5.0849614856455005,7.727510285494469e-05,0.0005519650203924,True
310,17Networks_RH_SalVentAttnB_Ins_2,RH,SalVentAttnB,Ins,Salience / ventral attention,37.2,22.6,4.7,0.3970171025003772,6.759844680862999,2.469795909158195e-06,7.372627738833706e-05,True
311,17Networks_RH_SalVentAttnB_PFCmp_1,RH,SalVentAttnB,PFCmp,Salience / ventral attention,7.5,34.9,25.2,0.3042636321472581,5.838980486221438,1.5698694034464293e-05,0.0001635542426459,True
312,17Networks_RH_SalVentAttnB_PFCmp_2,RH,SalVentAttnB,PFCmp,Salience / ventral attention,7.3,18.6,35.5,0.4104019815443502,7.144530736536853,1.179750282512708e-06,6.655416364819501e-05,True
313,17Networks_RH_LimbicB_OFC_1,RH,LimbicB,OFC,Limbic,13.2,23.3,-20.5,0.0771653479744132,2.8035329289408057,0.0117474390244017,0.0268512891986326,True
314,17Networks_RH_LimbicB_OFC_2,RH,LimbicB,OFC,Limbic,23.1,22.3,-20.3,0.07480155515895,1.948544386130564,0.0671129241035282,0.1142347644315374,False
315,17Networks_RH_LimbicB_OFC_3,RH,LimbicB,OFC,Limbic,7.8,46.8,-23.3,0.0212427462867429,1.0598275596358284,0.303238157165855,0.4111703825977695,False
316,17Networks_RH_LimbicB_OFC_4,RH,LimbicB,OFC,Limbic,20.0,43.0,-18.2,0.0928932081191779,3.6084394385190968,0.002009122181857,0.0061996735759334,True
317,17Networks_RH_LimbicB_OFC_5,RH,LimbicB,OFC,Limbic,4.8,21.8,-20.6,-0.0087515074694389,-0.4037524183474075,0.6911510721297763,0.7831740194105115,False
318,17Networks_RH_LimbicB_OFC_6,RH,LimbicB,OFC,Limbic,9.4,62.6,-14.4,-0.0541376839844144,-1.8654408708850732,0.0785048545240638,0.130298513732886,False
319,17Networks_RH_LimbicA_TempPole_1,RH,LimbicA,TempPole,Limbic,27.8,-1.3,-40.1,-0.0048282065673983,-0.2225567875035072,0.8263862982280374,0.8958117053962464,False
320,17Networks_RH_LimbicA_TempPole_2,RH,LimbicA,TempPole,Limbic,48.8,-6.5,-39.2,-0.0199579714509479,-0.793554901197302,0.4377911695763876,0.5489544446098905,False
321,17Networks_RH_LimbicA_TempPole_3,RH,LimbicA,TempPole,Limbic,36.7,16.6,-37.0,-0.0770722565871663,-2.214428722680478,0.0399420828832981,0.0726219688787239,False
322,17Networks_RH_LimbicA_TempPole_4,RH,LimbicA,TempPole,Limbic,39.4,-14.8,-31.2,0.0132371831706111,0.4815835152682796,0.6359047249682135,0.7288306303360612,False
323,17Networks_RH_LimbicA_TempPole_5,RH,LimbicA,TempPole,Limbic,28.6,11.8,-30.4,-0.0435341274989675,-1.411645380391034,0.1751075176463313,0.257511055362252,False
324,17Networks_RH_LimbicA_TempPole_6,RH,LimbicA,TempPole,Limbic,50.0,-27.7,-25.9,0.003800938172143,0.1356041065151076,0.893639241541548,0.9308742099391124,False
325,17Networks_RH_ContA_IPS_1,RH,ContA,IPS,Frontoparietal control,35.1,-70.7,46.7,0.2775800994012385,3.97669481382124,0.0008845761982941,0.0034352473720161,True
326,17Networks_RH_ContA_IPS_2,RH,ContA,IPS,Frontoparietal control,53.9,-33.2,51.2,0.252505013290272,4.004772650089966,0.0008309496768641,0.0032586261837807,True
327,17Networks_RH_ContA_IPS_3,RH,ContA,IPS,Frontoparietal control,46.8,-44.1,46.7,0.4165331235826314,6.994923796869485,1.5687067658768337e-06,6.655416364819501e-05,True
328,17Networks_RH_ContA_IPS_4,RH,ContA,IPS,Frontoparietal control,36.4,-44.8,45.2,0.2678063073930589,4.290738239105319,0.0004400415654275,0.0020231796111609,True
329,17Networks_RH_ContA_PFCd_1,RH,ContA,PFCd,Frontoparietal control,24.3,9.9,57.9,0.22398718049253,4.257712299775318,0.0004734892513256,0.0020754447146564,True
330,17Networks_RH_ContA_PFCl_1,RH,ContA,PFCl,Frontoparietal control,49.1,30.3,18.3,0.2153615717852228,4.2160636175117014,0.0005193540226245,0.0022337807424709,True
331,17Networks_RH_ContA_PFCl_2,RH,ContA,PFCl,Frontoparietal control,48.3,18.1,23.6,0.2422376735527349,4.110263933965629,0.000657045437319,0.0026281817492762,True
332,17Networks_RH_ContA_PFCl_3,RH,ContA,PFCl,Frontoparietal control,47.3,28.9,28.0,0.2643614417846651,5.1687518779163835,6.452796741434407e-05,0.0004995647034474,True
333,17Networks_RH_ContA_PFCl_4,RH,ContA,PFCl,Frontoparietal control,49.0,8.2,24.7,0.2349284031707312,4.664254672283526,0.000192997776897,0.0010722098716502,True
334,17Networks_RH_ContA_PFCl_5,RH,ContA,PFCl,Frontoparietal control,39.3,10.7,33.8,0.1997963013062037,3.8241809507128703,0.0012425933545918,0.0043599766827785,True
335,17Networks_RH_ContA_Cingm_1,RH,ContA,Cingm,Frontoparietal control,4.8,1.4,30.3,0.1988985633188209,4.588805152130416,0.0002277881310876,0.0012148700324677,True
336,17Networks_RH_ContB_Temp_1,RH,ContB,Temp,Frontoparietal control,61.7,-28.7,-19.8,0.0317112825959922,1.008793147770089,0.326443270507943,0.4352576940105906,False
337,17Networks_RH_ContB_Temp_2,RH,ContB,Temp,Frontoparietal control,63.3,-42.2,-10.6,0.2429709157579084,4.269642367278515,0.0004611205262316,0.0020724518032885,True
338,17Networks_RH_ContB_IPL_1,RH,ContB,IPL,Frontoparietal control,56.1,-45.4,32.3,0.340149658137271,6.067996373787026,9.807844797846616e-06,0.0001310874706737,True
339,17Networks_RH_ContB_IPL_2,RH,ContB,IPL,Frontoparietal control,54.6,-52.8,44.5,0.2906288240041181,5.49852261489521,3.1977018460377984e-05,0.0002974606368407,True
340,17Networks_RH_ContB_IPL_3,RH,ContB,IPL,Frontoparietal control,55.6,-40.9,47.4,0.3843357974273807,6.609033041646723,3.317682482475168e-06,7.372627738833706e-05,True
341,17Networks_RH_ContB_IPL_4,RH,ContB,IPL,Frontoparietal control,40.9,-55.1,48.6,0.3890611944341048,6.354436633131476,5.49844081092171e-06,9.287206069081804e-05,True
342,17Networks_RH_ContB_PFCld_1,RH,ContB,PFCld,Frontoparietal control,39.0,33.4,38.0,0.2811580617098025,5.307934385463133,4.790877467819629e-05,0.0004077342525803,True
343,17Networks_RH_ContB_PFCld_2,RH,ContB,PFCld,Frontoparietal control,44.6,18.9,43.5,0.0484354845266502,0.9392669059434704,0.360027959817201,0.476858224923445,False
344,17Networks_RH_ContB_PFCld_3,RH,ContB,PFCld,Frontoparietal control,43.2,6.0,50.4,0.1963968866532108,3.3631017640235625,0.0034631075765624,0.0096197432682288,True
345,17Networks_RH_ContB_PFCld_4,RH,ContB,PFCld,Frontoparietal control,34.4,15.6,55.5,0.1677644810833901,3.349899666129094,0.0035657180892065,0.0097525329301105,True
346,17Networks_RH_ContB_PFClv_1,RH,ContB,PFClv,Frontoparietal control,35.1,37.7,-13.7,0.0555631388438655,1.8430132704139432,0.0818585301126426,0.1347465516257492,False
347,17Networks_RH_ContB_PFClv_2,RH,ContB,PFClv,Frontoparietal control,27.9,54.8,-13.5,0.0588179176093708,1.6647452452629072,0.113273442334244,0.1769897536472562,False
348,17Networks_RH_ContB_PFClv_3,RH,ContB,PFClv,Frontoparietal control,42.3,51.0,-6.3,0.0887000680761672,2.60385298410098,0.0179533234717216,0.0375985831868516,True
349,17Networks_RH_ContB_PFClv_4,RH,ContB,PFClv,Frontoparietal control,27.5,59.2,2.8,0.1310359029393413,3.104533987508896,0.0061183301550087,0.0155881023057548,True
350,17Networks_RH_ContB_PFCmp_1,RH,ContB,PFCmp,Frontoparietal control,4.8,28.3,48.1,0.2279408315463794,3.882762608729223,0.0010905121467763,0.0039297735018968,True
351,17Networks_RH_ContC_pCun_1,RH,ContC,pCun,Frontoparietal control,16.5,-63.4,27.5,0.2689093357584515,3.6972962185204006,0.0016485565256758,0.0054051033628717,True
352,17Networks_RH_ContC_pCun_2,RH,ContC,pCun,Frontoparietal control,13.1,-71.5,39.0,0.420403672919297,5.878308963919636,1.4473512641190455e-05,0.0001635542426459,True
353,17Networks_RH_ContC_pCun_3,RH,ContC,pCun,Frontoparietal control,5.7,-64.0,43.6,0.1689334031959148,2.384938382006288,0.0282871000703112,0.0546610629377995,False
354,17Networks_RH_ContC_pCun_4,RH,ContC,pCun,Frontoparietal control,7.2,-49.6,44.4,0.2337933874514061,4.763564600424715,0.000155276210092,0.0009555459082585,True
355,17Networks_RH_ContC_pCun_5,RH,ContC,pCun,Frontoparietal control,8.5,-71.0,52.4,0.2979137454669081,4.541540841773835,0.0002527627215338,0.0013130530988772,True
356,17Networks_RH_ContC_Cingp_1,RH,ContC,Cingp,Frontoparietal control,7.3,-43.7,19.8,0.2591031728662546,5.169302114011125,6.445177896253191e-05,0.0004995647034474,True
357,17Networks_RH_ContC_Cingp_2,RH,ContC,Cingp,Frontoparietal control,6.4,-26.3,27.9,0.4043748667193311,8.219135291059446,1.6642857482110458e-07,2.2190476642813945e-05,True
358,17Networks_RH_DefaultA_Temp_1,RH,DefaultA,Temp,Default mode,60.5,-7.5,-22.9,-0.0879625690820435,-3.0269927753682127,0.0072469173483433,0.0178936230823292,True
359,17Networks_RH_DefaultA_IPL_1,RH,DefaultA,IPL,Default mode,53.2,-53.3,25.8,0.0516223196242531,1.047443649090477,0.3087570253315998,0.4158343775509762,False
360,17Networks_RH_DefaultA_IPL_2,RH,DefaultA,IPL,Default mode,47.5,-64.3,41.7,0.1429534323994356,2.781180050319692,0.0123234370182456,0.027849575182476,True
361,17Networks_RH_DefaultA_PFCd_1,RH,DefaultA,PFCd,Default mode,26.2,34.5,39.3,0.1826878099932725,3.8033417419339046,0.0013016607205754,0.0044884852433637,True
362,17Networks_RH_DefaultA_PFCd_2,RH,DefaultA,PFCd,Default mode,24.0,25.7,50.8,0.0089569584082075,0.1811857426669351,0.8582463483404633,0.9106062051357702,False
363,17Networks_RH_DefaultA_pCunPCC_1,RH,DefaultA,pCunPCC,Default mode,5.8,-52.2,22.9,-0.046086941945264,-1.1485828441977235,0.2657632279781117,0.3716968223470094,False
364,17Networks_RH_DefaultA_pCunPCC_2,RH,DefaultA,pCunPCC,Default mode,4.9,-63.3,31.3,0.0147148812201651,0.2094911914247965,0.8364175431960003,0.8972446391490799,False
365,17Networks_RH_DefaultA_pCunPCC_3,RH,DefaultA,pCunPCC,Default mode,6.7,-38.8,34.8,0.3531276443333773,6.3872254137040345,5.149570115027522e-06,9.287206069081804e-05,True
366,17Networks_RH_DefaultA_pCunPCC_4,RH,DefaultA,pCunPCC,Default mode,4.1,-19.7,37.0,0.3211420900752408,5.858635313814419,1.5073584707984092e-05,0.0001635542426459,True
367,17Networks_RH_DefaultA_pCunPCC_5,RH,DefaultA,pCunPCC,Default mode,9.9,-52.6,35.1,0.0138155973770956,0.2541986385528696,0.8022232784464702,0.8780393534972143,False
368,17Networks_RH_DefaultA_PFCm_1,RH,DefaultA,PFCm,Default mode,5.4,40.4,-10.2,-0.005473807314875,-0.2585202590446475,0.7989383854109326,0.8779542696823437,False
369,17Networks_RH_DefaultA_PFCm_2,RH,DefaultA,PFCm,Default mode,9.4,66.6,1.1,-0.0127873697341185,-0.3338397468182322,0.7423582924736905,0.8271401587450591,False
370,17Networks_RH_DefaultA_PFCm_3,RH,DefaultA,PFCm,Default mode,7.6,42.0,4.2,0.1277769596355517,3.8365819615984504,0.0012087226729594,0.0042786643290601,True
371,17Networks_RH_DefaultA_PFCm_4,RH,DefaultA,PFCm,Default mode,7.4,54.0,12.8,0.0035575998210735,0.0964082215249694,0.9242616580647156,0.94796067493817,False
372,17Networks_RH_DefaultA_PFCm_5,RH,DefaultA,PFCm,Default mode,17.5,64.9,16.2,0.0675673162733534,1.6801376856200518,0.1102023268827055,0.1742329278777953,False
373,17Networks_RH_DefaultA_PFCm_6,RH,DefaultA,PFCm,Default mode,5.7,24.8,18.2,0.1697555278414172,5.165763166984819,6.494341144817103e-05,0.0004995647034474,True
374,17Networks_RH_DefaultB_Temp_1,RH,DefaultB,Temp,Default mode,62.9,-23.1,-7.5,0.0049116629146188,0.1014201393472627,0.9203381661846688,0.947207728119012,False
375,17Networks_RH_DefaultB_Temp_2,RH,DefaultB,Temp,Default mode,63.3,-37.6,0.2,0.2003864629215092,3.038528287618218,0.0070670297709575,0.0175578379402672,True
376,17Networks_RH_DefaultB_AntTemp_1,RH,DefaultB,AntTemp,Default mode,49.1,8.6,-32.8,-0.1526049960075154,-3.9158590517852567,0.0010129780697814,0.0037517706288202,True
377,17Networks_RH_DefaultB_PFCd_1,RH,DefaultB,PFCd,Default mode,6.3,57.6,29.4,-0.1489708424978314,-6.347768966366138,5.572323641449081e-06,9.287206069081804e-05,True
378,17Networks_RH_DefaultB_PFCd_2,RH,DefaultB,PFCd,Default mode,16.4,52.8,35.9,0.0468168871228925,1.1688329183084063,0.257718004541995,0.3617094800589404,False
379,17Networks_RH_DefaultB_PFCd_3,RH,DefaultB,PFCd,Default mode,4.8,44.5,40.1,-0.0481961678653351,-1.172520684659205,0.2562728008115898,0.360947606776887,False
380,17Networks_RH_DefaultB_PFCd_4,RH,DefaultB,PFCd,Default mode,13.9,39.1,52.2,-0.1237751929238253,-3.355677935169352,0.0035204442497141,0.009711570344039,True
381,17Networks_RH_DefaultB_PFCd_5,RH,DefaultB,PFCd,Default mode,12.0,19.7,62.8,0.074913724646612,1.7066158615173177,0.1050862625738479,0.1668035913870602,False
382,17Networks_RH_DefaultB_PFCv_1,RH,DefaultB,PFCv,Default mode,35.0,23.0,-17.2,0.0080916127954736,0.2147619671901335,0.832367270812438,0.8972446391490799,False
383,17Networks_RH_DefaultB_PFCv_2,RH,DefaultB,PFCv,Default mode,48.0,31.6,-7.8,0.0761024350738347,1.8450408797668276,0.0815502328648569,0.1347465516257492,False
384,17Networks_RH_DefaultB_PFCv_3,RH,DefaultB,PFCv,Default mode,53.3,23.8,6.4,0.1677179977738893,3.51266601226835,0.0024858161011744,0.0074761386501488,True
385,17Networks_RH_DefaultC_IPL_1,RH,DefaultC,IPL,Default mode,48.4,-64.1,21.7,-0.0311095450207589,-0.5884876275663412,0.5635173015514341,0.6688632659364202,False
386,17Networks_RH_DefaultC_IPL_2,RH,DefaultC,IPL,Default mode,45.4,-75.1,30.6,0.016349482488891,0.2950096307905414,0.7713621766158381,0.8523338968130808,False
387,17Networks_RH_DefaultC_Rsp_1,RH,DefaultC,Rsp,Default mode,14.4,-47.1,4.2,0.1183082944749301,2.6284752868648087,0.0170461043893793,0.0362683072114455,True
388,17Networks_RH_DefaultC_Rsp_2,RH,DefaultC,Rsp,Default mode,12.6,-54.9,15.6,0.0362798960770757,0.9291792780565634,0.3650902825155951,0.4819673696575512,False
389,17Networks_RH_DefaultC_PHC_1,RH,DefaultC,PHC,Default mode,22.4,-17.6,-26.8,0.0196769639654931,1.020877379682455,0.320838282055422,0.4292150930507317,False
390,17Networks_RH_DefaultC_PHC_2,RH,DefaultC,PHC,Default mode,30.6,-30.6,-17.8,-0.0006475935313626,-0.0251533598232133,0.9802094004446056,0.9851350758237244,False
391,17Networks_RH_TempPar_1,RH,TempPar,,Temporoparietal,47.7,16.0,-20.1,-0.0787711391370581,-1.910319858385068,0.0721562796444987,0.1212710582260483,False
392,17Networks_RH_TempPar_2,RH,TempPar,,Temporoparietal,54.8,-4.1,-14.2,-0.0212723260739543,-0.4481957416751405,0.6593599910147642,0.7535542754454447,False
393,17Networks_RH_TempPar_3,RH,TempPar,,Temporoparietal,49.0,-20.1,-7.4,0.0377605164301849,0.8267488957195405,0.4192044950676363,0.5306386013514385,False
394,17Networks_RH_TempPar_4,RH,TempPar,,Temporoparietal,61.8,-18.6,-0.4,0.1074385660574646,2.4180883837415585,0.0264261016723467,0.0513128187812558,False
395,17Networks_RH_TempPar_5,RH,TempPar,,Temporoparietal,50.4,-33.1,1.5,0.0920881395315617,1.4155373890458762,0.1739809632416577,0.2567984697293841,False
396,17Networks_RH_TempPar_6,RH,TempPar,,Temporoparietal,59.3,-46.4,7.0,0.3209735228190816,5.006032780845053,9.163728686331998e-05,0.0006212697414462,True
397,17Networks_RH_TempPar_7,RH,TempPar,,Temporoparietal,52.0,-40.9,12.2,0.3273295891125719,6.6634813517338864,2.9812972107236435e-06,7.372627738833706e-05,True
398,17Networks_RH_TempPar_8,RH,TempPar,,Temporoparietal,64.4,-34.4,10.5,0.4040354876019992,9.046220387903256,4.0806126802292676e-08,1.632245072091707e-05,True
399,17Networks_RH_TempPar_9,RH,TempPar,,Temporoparietal,54.4,-45.7,19.7,0.2744076126970086,5.054603991596092,8.250532361296455e-05,0.0005789847271085,True
400,17Networks_RH_TempPar_10,RH,TempPar,,Temporoparietal,61.2,-39.7,21.8,0.4185898398817991,8.374040632373442,1.270709404347739e-07,2.2190476642813945e-05,True
