condition,hemi,x,mean,se
intact_pause,Left PMC,-20,-0.024355194273516796,0.039478923507596041
intact_pause,Left PMC,-19,-0.028300359988605923,0.04223651750341282
intact_pause,Left PMC,-18,-0.054888567966243793,0.037363033346247618
intact_pause,Left PMC,-17,-0.048099910731757144,0.042593210380047992
intact_pause,Left PMC,-16,-0.05214314343402654,0.041635841123484035
intact_pause,Left PMC,-15,-0.022247387472941863,0.047248319363985179
intact_pause,Left PMC,-14,-0.024562540293318169,0.042291245302339686
intact_pause,Left PMC,-13,-0.050718899185761272,0.042166229057847539
intact_pause,Left PMC,-12,-0.016342635959487522,0.040023873802993201
intact_pause,Left PMC,-11,0.00087584301621436173,0.040408062052831012
intact_pause,Left PMC,-10,0.016467973823446523,0.048173772708422657
intact_pause,Left PMC,-9,0.067630243848917068,0.047607194125514743
intact_pause,Left PMC,-8,0.061033689978844001,0.035643334161233886
intact_pause,Left PMC,-7,0.080941803143322513,0.037022391553922146
intact_pause,Left PMC,-6,0.038769440076922297,0.029146190909016368
intact_pause,Left PMC,-5,0.049011883391055486,0.029207347706152343
intact_pause,Left PMC,-4,0.033050876762152334,0.022473585456506226
intact_pause,Left PMC,-3,0.012493582609573726,0.036724478962242402
intact_pause,Left PMC,-2,-0.023827470234517544,0.034767047695102596
intact_pause,Left PMC,-1,-0.025599806336513303,0.048100881845898301
intact_pause,Left PMC,0,-0.086278421180164794,0.039022666179974061
intact_pause,Left PMC,1,-0.066355232689510713,0.04402416957092959
intact_pause,Left PMC,2,0.081096198307602702,0.050888280015287043
intact_pause,Left PMC,3,0.17630941702292527,0.044670030242248283
intact_pause,Left PMC,4,0.18465134055791468,0.041958836561281736
intact_pause,Left PMC,5,0.067986198240275589,0.042658363711664801
intact_pause,Left PMC,6,0.0069387211935588019,0.050334409662575144
intact_pause,Left PMC,7,-0.027160377998331108,0.047384126384478989
intact_pause,Left PMC,8,-0.036447332555016886,0.041001341991112002
intact_pause,Left PMC,9,-0.022344724888742857,0.036287681612059162
intact_pause,Left PMC,10,-0.09204970572743805,0.034941826319091665
intact_pause,Left PMC,11,-0.11643695943882271,0.035614534144260378
intact_pause,Left PMC,12,-0.10463454054597968,0.037667087392118957
intact_pause,Left PMC,13,-0.085511606560949777,0.042579226445160975
intact_pause,Left PMC,14,-0.047755618702065725,0.049769435553023669
intact_pause,Left PMC,15,-0.019185304187627192,0.055324177885034735
intact_pause,Left PMC,16,-0.020027643119447745,0.053658204565250625
intact_pause,Left PMC,17,-0.020528781671069526,0.055670168083544143
intact_pause,Left PMC,18,0.04101580098821743,0.055389104545164311
intact_pause,Left PMC,19,0.055202222517480228,0.054134382780029619
intact_pause,Left PMC,20,0.057117654986027146,0.053821574140737322
intact_tom,Left PMC,-20,0.062492190868418208,0.048442277756449416
intact_tom,Left PMC,-19,0.046159574643508568,0.044942926508132149
intact_tom,Left PMC,-18,-0.018374526039206411,0.041574967199386442
intact_tom,Left PMC,-17,-0.066891700504687387,0.033356561001293479
intact_tom,Left PMC,-16,-0.1171137411542728,0.035652931306258927
intact_tom,Left PMC,-15,-0.11637131790924717,0.036704213946973853
intact_tom,Left PMC,-14,-0.14053983208320805,0.0435872236971655
intact_tom,Left PMC,-13,-0.12524930621238731,0.0434865454448198
intact_tom,Left PMC,-12,-0.14939132572443878,0.034571284458235735
intact_tom,Left PMC,-11,-0.11900285792420916,0.028641436282978182
intact_tom,Left PMC,-10,-0.047563665782813271,0.036605479568149697
intact_tom,Left PMC,-9,0.037426674292382577,0.043253237751175927
intact_tom,Left PMC,-8,0.1020429809178716,0.039404218795498033
intact_tom,Left PMC,-7,0.062189522067401228,0.033219242906073455
intact_tom,Left PMC,-6,0.054694614724755994,0.040870758594267503
intact_tom,Left PMC,-5,0.051246139922013163,0.044617050782176836
intact_tom,Left PMC,-4,0.044554710888777611,0.039671158142525281
intact_tom,Left PMC,-3,0.044357103320106415,0.034053602240427569
intact_tom,Left PMC,-2,-0.024973882883703898,0.031201071644706823
intact_tom,Left PMC,-1,-0.085571066751216576,0.038497797947185865
intact_tom,Left PMC,0,-0.071827731221501712,0.037184984751752269
intact_tom,Left PMC,1,-0.054148439293135148,0.035479903648453603
intact_tom,Left PMC,2,0.1369346947113208,0.044815379760296474
intact_tom,Left PMC,3,0.27760139652954674,0.053874799744898408
intact_tom,Left PMC,4,0.27795806176322846,0.066535474867060157
intact_tom,Left PMC,5,0.060148814261799237,0.055147003598824046
intact_tom,Left PMC,6,-0.1449821435767161,0.032416049358832924
intact_tom,Left PMC,7,-0.32810125905787996,0.025286703039754086
intact_tom,Left PMC,8,-0.39806656700786974,0.044139811058426903
intact_tom,Left PMC,9,-0.39417278791737009,0.049676252296037796
intact_tom,Left PMC,10,-0.348607933962918,0.051043550827736005
intact_tom,Left PMC,11,-0.29509058354465428,0.058674621470283274
intact_tom,Left PMC,12,-0.17880074244577354,0.053878531680927176
intact_tom,Left PMC,13,-0.079243772239665472,0.054451742888004973
intact_tom,Left PMC,14,0.0064238562355259307,0.059139453319647546
intact_tom,Left PMC,15,0.083933098803066708,0.066641931081726322
intact_tom,Left PMC,16,0.17141344164487773,0.055422672588231088
intact_tom,Left PMC,17,0.1845353096133093,0.038102171548902136
intact_tom,Left PMC,18,0.14891257048687515,0.043827998927993737
intact_tom,Left PMC,19,0.22308804568666818,0.048827587622808553
intact_tom,Left PMC,20,0.18668446659849822,0.053197170272666731
scram_pause,Left PMC,-20,-0.00098868813072577671,0.029032702104574436
scram_pause,Left PMC,-19,-0.0099597426432230744,0.036816122716435959
scram_pause,Left PMC,-18,-0.0085605259329172897,0.037444859784609617
scram_pause,Left PMC,-17,-0.032878909988726432,0.034897481201631768
scram_pause,Left PMC,-16,-0.054188452722060701,0.039240622554464706
scram_pause,Left PMC,-15,-0.058761472850188047,0.030067940607721499
scram_pause,Left PMC,-14,-0.060603338204502658,0.026742012625783438
scram_pause,Left PMC,-13,-0.036364976180779149,0.034087790423499631
scram_pause,Left PMC,-12,-0.046073108050548262,0.030924034704039115
scram_pause,Left PMC,-11,-0.044523919876130996,0.02745897426824416
scram_pause,Left PMC,-10,-0.09708121504827269,0.034545050174180199
scram_pause,Left PMC,-9,-0.08318047535188472,0.034240377124119391
scram_pause,Left PMC,-8,-0.065729949396340012,0.042832577883059081
scram_pause,Left PMC,-7,-0.061621274930030306,0.03660797904915198
scram_pause,Left PMC,-6,-0.053206489429977369,0.034569192250350288
scram_pause,Left PMC,-5,-0.030113288055736993,0.039495347854567313
scram_pause,Left PMC,-4,-0.066442607696054812,0.035549163191844584
scram_pause,Left PMC,-3,-0.037645466157063774,0.037161067375232518
scram_pause,Left PMC,-2,-0.05766260990518618,0.031291382352866139
scram_pause,Left PMC,-1,-0.068213988895583791,0.040319480959871097
scram_pause,Left PMC,0,-0.083565699513862238,0.046759979655012218
scram_pause,Left PMC,1,-0.10672398395916816,0.046384167133199761
scram_pause,Left PMC,2,0.017509442098312625,0.047566411717095046
scram_pause,Left PMC,3,0.12880583790222069,0.0520109695745068
scram_pause,Left PMC,4,0.16272127687546356,0.048890006153267197
scram_pause,Left PMC,5,0.072586341158734136,0.046771278881490741
scram_pause,Left PMC,6,0.0073931751923027094,0.035499609018788784
scram_pause,Left PMC,7,-0.060830157150918461,0.035694853682775605
scram_pause,Left PMC,8,-0.063167621058508885,0.036234936647478615
scram_pause,Left PMC,9,-0.078399445174476265,0.038100058637758158
scram_pause,Left PMC,10,-0.05646658282298677,0.034274422356488754
scram_pause,Left PMC,11,-0.016191705311913124,0.04389583037742377
scram_pause,Left PMC,12,0.033069047773081998,0.049195227711087697
scram_pause,Left PMC,13,0.028297467371263953,0.037460006554017301
scram_pause,Left PMC,14,0.012051180453156059,0.042205164209418639
scram_pause,Left PMC,15,0.0080778265617369085,0.046254107314429187
scram_pause,Left PMC,16,0.020767103090061047,0.057062288825537801
scram_pause,Left PMC,17,0.088640277771883297,0.060226188820454149
scram_pause,Left PMC,18,0.20188742107295435,0.055788244455382739
scram_pause,Left PMC,19,0.23464981843766614,0.067794472884104617
scram_pause,Left PMC,20,0.26546478840407467,0.063959301791287532
intact_pause,Right PMC,-20,-0.040712856214695954,0.044205666344215695
intact_pause,Right PMC,-19,-0.042994684982739069,0.048255717905396588
intact_pause,Right PMC,-18,-0.079487857368650147,0.046078831216172671
intact_pause,Right PMC,-17,-0.07300436381223406,0.046586202773852926
intact_pause,Right PMC,-16,-0.07065234417625578,0.045291825692872684
intact_pause,Right PMC,-15,-0.075465766904038514,0.048020790554400276
intact_pause,Right PMC,-14,-0.06626374495278084,0.045831009016743848
intact_pause,Right PMC,-13,-0.076189619342253961,0.044756342694875724
intact_pause,Right PMC,-12,-0.045283792828624075,0.03812786445287987
intact_pause,Right PMC,-11,-0.03135500566882593,0.039543656455714241
intact_pause,Right PMC,-10,-0.0034899386825650129,0.042123562182658454
intact_pause,Right PMC,-9,0.01309243325095787,0.039735961047665823
intact_pause,Right PMC,-8,-0.013458380955239366,0.034318375746765231
intact_pause,Right PMC,-7,0.0083098034206974987,0.034090503487927235
intact_pause,Right PMC,-6,-0.029958478954108327,0.025625478104616562
intact_pause,Right PMC,-5,-0.026411970835894982,0.027743451883356723
intact_pause,Right PMC,-4,-0.045122199495495001,0.021152082441576684
intact_pause,Right PMC,-3,-0.061264395986751839,0.030040069612090034
intact_pause,Right PMC,-2,-0.093111706137608594,0.032156495410766879
intact_pause,Right PMC,-1,-0.090510129946082332,0.041182536562516872
intact_pause,Right PMC,0,-0.12764919067080863,0.03734598863502657
intact_pause,Right PMC,1,-0.11324196765133454,0.042770399076317973
intact_pause,Right PMC,2,0.060425293997234765,0.053594048391817986
intact_pause,Right PMC,3,0.17528439317463701,0.046750064507116676
intact_pause,Right PMC,4,0.21979113333656244,0.041945190808247781
intact_pause,Right PMC,5,0.13103256722724843,0.039130181043162286
intact_pause,Right PMC,6,0.076511080804424592,0.044453009829820818
intact_pause,Right PMC,7,0.047147520539353872,0.047399351269379796
intact_pause,Right PMC,8,0.033929596815757974,0.03839726632949398
intact_pause,Right PMC,9,0.049764681162247935,0.030628175088528001
intact_pause,Right PMC,10,-0.014369790307818171,0.029317960591871122
intact_pause,Right PMC,11,-0.060453769058852705,0.032319771501101886
intact_pause,Right PMC,12,-0.031816955229937237,0.036450674775557981
intact_pause,Right PMC,13,-0.018937756919082855,0.043258087920682885
intact_pause,Right PMC,14,0.0026827998636199902,0.047851619541919965
intact_pause,Right PMC,15,0.014230134999031854,0.052408599576182505
intact_pause,Right PMC,16,0.037860211248515865,0.052227308284745026
intact_pause,Right PMC,17,0.051278887899906943,0.052144056127207024
intact_pause,Right PMC,18,0.10614517609451828,0.051951663576645421
intact_pause,Right PMC,19,0.1280911790066426,0.050025914055160228
intact_pause,Right PMC,20,0.1197574961382319,0.050612502238783032
intact_tom,Right PMC,-20,0.073231754512458336,0.047305361575323425
intact_tom,Right PMC,-19,0.035152708371441674,0.047753349607106893
intact_tom,Right PMC,-18,-0.0167215280953113,0.041708836523990649
intact_tom,Right PMC,-17,-0.056262998621683533,0.030601770225472877
intact_tom,Right PMC,-16,-0.12938352057879476,0.037893009859081506
intact_tom,Right PMC,-15,-0.13032941387773853,0.03647727845997948
intact_tom,Right PMC,-14,-0.149556270850319,0.043292749163146044
intact_tom,Right PMC,-13,-0.13058300460924369,0.037820658909778593
intact_tom,Right PMC,-12,-0.14604250682706341,0.032212195908459577
intact_tom,Right PMC,-11,-0.1296396156663287,0.027923046656996412
intact_tom,Right PMC,-10,-0.0815034865154044,0.03801238707548283
intact_tom,Right PMC,-9,0.0017031391532204309,0.043048661087161509
intact_tom,Right PMC,-8,0.05287537689600072,0.041400356901941299
intact_tom,Right PMC,-7,0.038767435854557573,0.033794733184183648
intact_tom,Right PMC,-6,0.015107986107554244,0.040222593328450032
intact_tom,Right PMC,-5,0.0078646035489781056,0.04504603750834886
intact_tom,Right PMC,-4,0.0004835983784334486,0.041550179306704502
intact_tom,Right PMC,-3,-0.0129250300446032,0.037185116923267016
intact_tom,Right PMC,-2,-0.071892534733123292,0.028746866948039896
intact_tom,Right PMC,-1,-0.13509957857841168,0.030764539317832192
intact_tom,Right PMC,0,-0.11546126630053986,0.030484365530652206
intact_tom,Right PMC,1,-0.099980427839726077,0.030725494083046652
intact_tom,Right PMC,2,0.085450368646237299,0.041202591446811876
intact_tom,Right PMC,3,0.25848309279659959,0.053648607367763015
intact_tom,Right PMC,4,0.32157844505610833,0.06438448322431517
intact_tom,Right PMC,5,0.17063138374900891,0.053971817662577505
intact_tom,Right PMC,6,-0.0074993143254822696,0.037868327639669602
intact_tom,Right PMC,7,-0.1942742609591166,0.03224191090531197
intact_tom,Right PMC,8,-0.29688264392274039,0.043917686901152067
intact_tom,Right PMC,9,-0.34163221823209705,0.046624109473974329
intact_tom,Right PMC,10,-0.33241342217993941,0.051699989971678864
intact_tom,Right PMC,11,-0.32353280187419936,0.055127779719576248
intact_tom,Right PMC,12,-0.22641604602950866,0.051186517136325389
intact_tom,Right PMC,13,-0.15129336061923562,0.052408722034645527
intact_tom,Right PMC,14,-0.058063529375503645,0.056644688305489008
intact_tom,Right PMC,15,0.03079934015337395,0.063786286480941562
intact_tom,Right PMC,16,0.14667417470628005,0.059454126186716354
intact_tom,Right PMC,17,0.19905891642439597,0.04726504230205953
intact_tom,Right PMC,18,0.20652451106719738,0.039501775908693519
intact_tom,Right PMC,19,0.26088314054289574,0.035821489482649078
intact_tom,Right PMC,20,0.25071782312666024,0.043553899260915768
scram_pause,Right PMC,-20,0.013022128032119797,0.031224657924099553
scram_pause,Right PMC,-19,-0.013224686369911426,0.035016093219525368
scram_pause,Right PMC,-18,-0.023854284765579901,0.035469205906272915
scram_pause,Right PMC,-17,-0.055992033875509585,0.031951756107647541
scram_pause,Right PMC,-16,-0.082419532904442774,0.03319868557375899
scram_pause,Right PMC,-15,-0.086758433837401686,0.02802766025864192
scram_pause,Right PMC,-14,-0.075258174372385384,0.029104442649490785
scram_pause,Right PMC,-13,-0.051369888393513148,0.03162180535817638
scram_pause,Right PMC,-12,-0.062895612072397189,0.031374382002652426
scram_pause,Right PMC,-11,-0.06951556311348156,0.035218979283400204
scram_pause,Right PMC,-10,-0.13543837050367699,0.042121359014390528
scram_pause,Right PMC,-9,-0.13608029658023699,0.040113789300057393
scram_pause,Right PMC,-8,-0.1256538536800241,0.047232957748900628
scram_pause,Right PMC,-7,-0.13065905615443424,0.039714917276202834
scram_pause,Right PMC,-6,-0.11348779864523577,0.037993443712624773
scram_pause,Right PMC,-5,-0.094044204929605191,0.041776707477907314
scram_pause,Right PMC,-4,-0.11714698755143982,0.038737636005156811
scram_pause,Right PMC,-3,-0.10716266317628448,0.035627148611851248
scram_pause,Right PMC,-2,-0.13347057671864049,0.027517282268552479
scram_pause,Right PMC,-1,-0.14248343958827886,0.040799250375097872
scram_pause,Right PMC,0,-0.14570030713912061,0.045605621501588603
scram_pause,Right PMC,1,-0.16290218646914548,0.049830476052251833
scram_pause,Right PMC,2,-0.04325433553073392,0.051506426350214587
scram_pause,Right PMC,3,0.090095082802911106,0.055350199251438595
scram_pause,Right PMC,4,0.15071492901665876,0.0507944750667738
scram_pause,Right PMC,5,0.095448582874419624,0.047149155555730064
scram_pause,Right PMC,6,0.05603109311978207,0.038624024185988495
scram_pause,Right PMC,7,0.0029743514751171367,0.040935325984214732
scram_pause,Right PMC,8,0.0095649700932422099,0.039696509546695506
scram_pause,Right PMC,9,-0.0044417714846349196,0.040199732591481338
scram_pause,Right PMC,10,0.029410006510681444,0.035522876592239898
scram_pause,Right PMC,11,0.050440417793589452,0.042576361551453577
scram_pause,Right PMC,12,0.075038845973129376,0.039995296576096261
scram_pause,Right PMC,13,0.093318300871709919,0.032331295488214361
scram_pause,Right PMC,14,0.07838617921523082,0.042529303603368929
scram_pause,Right PMC,15,0.079082397398097623,0.046647874923286925
scram_pause,Right PMC,16,0.10860057878240603,0.05283209268974258
scram_pause,Right PMC,17,0.17980787326525458,0.055869340553397283
scram_pause,Right PMC,18,0.27026817581613544,0.04766144488013755
scram_pause,Right PMC,19,0.30074998245745604,0.061760377557276799
scram_pause,Right PMC,20,0.3273027876671592,0.064746307637182851
