parcel_id,parcel_label,hemisphere,network,subregion,system,x_mni,y_mni,z_mni,isc_mean,t_vs0,p_uncorrected,p_FDR_BH,sig_FDR_0.05
1,17Networks_LH_VisCent_ExStr_1,LH,VisCent,ExStr,Visual,-35.4,-62.0,-17.1,0.11605915295195303,3.3776197769638414,0.004143763007448274,0.006102914289982391,True
2,17Networks_LH_VisCent_ExStr_2,LH,VisCent,ExStr,Visual,-23.4,-72.7,-10.3,0.07733642146552064,3.546626202067967,0.0029294372351789085,0.004524227390237697,True
3,17Networks_LH_VisCent_ExStr_3,LH,VisCent,ExStr,Visual,-36.4,-81.4,-16.0,0.16043981500539667,3.7616746972335964,0.0018853700136025316,0.003004573726856624,True
4,17Networks_LH_VisCent_ExStr_4,LH,VisCent,ExStr,Visual,-17.0,-86.4,-15.0,0.10639377848634607,3.903790618641813,0.0014102831297357857,0.0023903103893826876,True
5,17Networks_LH_VisCent_ExStr_5,LH,VisCent,ExStr,Visual,-24.4,-96.7,-11.9,0.23709175807594568,6.559687369116129,9.044520987291286e-06,4.206753947577342e-05,True
6,17Networks_LH_VisCent_ExStr_6,LH,VisCent,ExStr,Visual,-41.6,-86.4,-3.3,0.17093494840163334,4.531166314722826,0.00039782334321614474,0.0007956466864322895,True
7,17Networks_LH_VisCent_Striate_1,LH,VisCent,Striate,Visual,-7.4,-97.3,-7.2,0.11117197763092691,4.308873243541018,0.0006206290330743827,0.0011878067618648473,True
8,17Networks_LH_VisCent_ExStr_7,LH,VisCent,ExStr,Visual,-46.1,-73.1,6.1,0.06817111401582537,2.2996377809617576,0.036249665882340874,0.042801660285170316,True
9,17Networks_LH_VisCent_ExStr_8,LH,VisCent,ExStr,Visual,-24.4,-95.9,5.9,0.07579358137737764,2.9838575798398805,0.009272475733371333,0.01270202155256347,True
10,17Networks_LH_VisCent_ExStr_9,LH,VisCent,ExStr,Visual,-39.4,-83.7,14.1,0.0586277283283115,1.9658401196305884,0.06810828719528103,0.07609864491092852,False
11,17Networks_LH_VisCent_ExStr_10,LH,VisCent,ExStr,Visual,-10.9,-96.5,17.2,0.023008536150497704,1.1002863638517884,0.28855216963171854,0.29671174255189564,False
12,17Networks_LH_VisCent_ExStr_11,LH,VisCent,ExStr,Visual,-24.9,-84.7,21.9,0.05109498858729881,2.0005439714068496,0.06388062215823953,0.07157492678794346,False
13,17Networks_LH_VisPeri_ExStrInf_1,LH,VisPeri,ExStrInf,Visual,-24.5,-54.5,-8.2,0.05964994969133314,2.9531183230626237,0.009870667187097346,0.013338739442023441,True
14,17Networks_LH_VisPeri_ExStrInf_2,LH,VisPeri,ExStrInf,Visual,-12.2,-61.2,-4.7,0.044991745441555944,1.8532415840731908,0.08362199840053994,0.09114114267088823,False
15,17Networks_LH_VisPeri_ExStrInf_3,LH,VisPeri,ExStrInf,Visual,-6.7,-75.8,-5.7,0.06247357366915073,2.776087118225917,0.014124564760170544,0.018343590597624082,True
16,17Networks_LH_VisPeri_ExStrInf_4,LH,VisPeri,ExStrInf,Visual,-13.4,-42.9,-5.4,0.012932944045476218,0.7472056956646402,0.4664917699739671,0.4748007836885161,False
17,17Networks_LH_VisPeri_ExStrInf_5,LH,VisPeri,ExStrInf,Visual,-14.1,-56.9,1.3,0.057587570768478986,2.7058041040346925,0.016268304903365484,0.020923864827479724,True
18,17Networks_LH_VisPeri_StriCal_1,LH,VisPeri,StriCal,Visual,-4.6,-88.4,1.8,0.07031876028198618,4.125148108835087,0.0008992454797755783,0.0016202621257217628,True
19,17Networks_LH_VisPeri_StriCal_2,LH,VisPeri,StriCal,Visual,-7.4,-74.2,9.5,0.08189337552192437,3.820778865570499,0.001670740057429531,0.002716650499885416,True
20,17Networks_LH_VisPeri_ExStrSup_1,LH,VisPeri,ExStrSup,Visual,-18.9,-64.2,7.0,0.04604477101176517,2.3572975718849927,0.03241486573684078,0.03870431729772033,True
21,17Networks_LH_VisPeri_ExStrSup_2,LH,VisPeri,ExStrSup,Visual,-3.0,-84.2,24.5,0.11743405099886903,5.41767600924587,7.127032535159452e-05,0.00022447346567431344,True
22,17Networks_LH_VisPeri_ExStrSup_3,LH,VisPeri,ExStrSup,Visual,-12.2,-71.0,20.5,0.13468766518928307,6.251572729004522,1.5510247234875654e-05,6.530630414684486e-05,True
23,17Networks_LH_VisPeri_ExStrSup_4,LH,VisPeri,ExStrSup,Visual,-16.0,-89.0,33.6,0.07687803503736264,2.566360316834314,0.021489063949351704,0.026861329936689632,True
24,17Networks_LH_VisPeri_ExStrSup_5,LH,VisPeri,ExStrSup,Visual,-12.0,-80.8,36.0,0.16456909975491674,4.688894059756984,0.00029102865931017745,0.0006467303540226165,True
25,17Networks_LH_SomMotA_1,LH,SomMotA,nan,Somatomotor,-7.9,-15.3,46.9,0.051945015676850385,1.9513812244208788,0.06994331528846959,0.0777147947649662,False
26,17Networks_LH_SomMotA_2,LH,SomMotA,nan,Somatomotor,-41.0,-14.3,48.0,0.15991879701914993,4.748157638196684,0.0002589563560805349,0.0005816325602795372,True
27,17Networks_LH_SomMotA_3,LH,SomMotA,nan,Somatomotor,-48.7,-17.4,54.2,0.09558469617206436,4.386560349681966,0.0005310134532190518,0.001041202849449121,True
28,17Networks_LH_SomMotA_4,LH,SomMotA,nan,Somatomotor,-47.3,-29.6,58.2,0.03638726883110004,1.8207668506697863,0.08864867467946247,0.09609612431378045,False
29,17Networks_LH_SomMotA_5,LH,SomMotA,nan,Somatomotor,-39.2,-24.8,52.9,0.029077435153644283,2.1434535907482974,0.04887726822561887,0.05606216293715852,False
30,17Networks_LH_SomMotA_6,LH,SomMotA,nan,Somatomotor,-8.6,-37.5,53.5,0.08242894909137065,3.9761096835875107,0.0012170626475177012,0.002089377935652706,True
31,17Networks_LH_SomMotA_7,LH,SomMotA,nan,Somatomotor,-4.3,-24.8,56.2,0.0717621765634305,4.889252469350931,0.00019642069967539663,0.0004704687417374769,True
32,17Networks_LH_SomMotA_8,LH,SomMotA,nan,Somatomotor,-3.9,-8.6,59.1,0.10454423091297932,4.3552910691665705,0.000565376126108761,0.0010925142533502628,True
33,17Networks_LH_SomMotA_9,LH,SomMotA,nan,Somatomotor,-34.5,-18.3,63.6,0.04667272300860072,2.2099209294640505,0.04307174668976401,0.04993825703161045,True
34,17Networks_LH_SomMotA_10,LH,SomMotA,nan,Somatomotor,-32.1,-28.9,62.2,0.041019490269987115,2.1313094681322013,0.05001324082021436,0.05715798950881641,False
35,17Networks_LH_SomMotA_11,LH,SomMotA,nan,Somatomotor,-29.8,-38.3,64.8,0.0553896148605398,2.944741648874184,0.010040134425583293,0.013522066566442148,True
36,17Networks_LH_SomMotA_12,LH,SomMotA,nan,Somatomotor,-23.5,-10.7,64.9,0.05179208915735279,2.461967930357391,0.026412671114383002,0.03201535892652485,True
37,17Networks_LH_SomMotA_13,LH,SomMotA,nan,Somatomotor,-19.3,-24.3,66.5,0.05459337332430381,3.943561857091907,0.001300462339743064,0.0022135529187115983,True
38,17Networks_LH_SomMotA_14,LH,SomMotA,nan,Somatomotor,-8.4,-41.7,70.2,0.06458947073955232,2.6939281017046657,0.01666036135510411,0.021359437634748863,True
39,17Networks_LH_SomMotA_15,LH,SomMotA,nan,Somatomotor,-4.0,-25.7,68.6,0.09802908880555077,5.328520011202234,8.435615030663326e-05,0.00024932152620239746,True
40,17Networks_LH_SomMotA_16,LH,SomMotA,nan,Somatomotor,-14.2,-11.2,72.2,0.04283053370062594,2.5268646084159996,0.023238747244814114,0.028689811413350755,True
41,17Networks_LH_SomMotA_17,LH,SomMotA,nan,Somatomotor,-18.5,-31.0,68.7,0.07846914766999882,4.575220711045798,0.00036446856348558703,0.0007405825040723728,True
42,17Networks_LH_SomMotA_18,LH,SomMotA,nan,Somatomotor,-19.0,-40.0,71.8,0.03430610328335661,1.943108634876278,0.07101321063803169,0.07846763606412342,False
43,17Networks_LH_SomMotA_19,LH,SomMotA,nan,Somatomotor,-11.9,-26.8,73.3,0.0660212053844885,3.8254218170412115,0.0016549635621230165,0.0027128285233702946,True
44,17Networks_LH_SomMotB_Aud_1,LH,SomMotB,Aud,Somatomotor,-49.8,-9.8,0.5,0.2711004443674384,9.923804120090308,5.525409033718837e-08,1.1632440070987026e-06,True
45,17Networks_LH_SomMotB_Aud_2,LH,SomMotB,Aud,Somatomotor,-55.9,-21.4,7.7,0.39912294879706856,15.182921241877915,1.6357626230330725e-10,3.271525246066145e-08,True
46,17Networks_LH_SomMotB_Ins_1,LH,SomMotB,Ins,Somatomotor,-36.1,-24.1,9.9,0.1365184268683572,7.061851469256312,3.861234081668961e-06,2.2383965690834558e-05,True
47,17Networks_LH_SomMotB_S2_1,LH,SomMotB,S2,Somatomotor,-38.3,-9.1,12.8,0.032498628465166164,1.537036254432482,0.14510810145732933,0.1527453699550835,False
48,17Networks_LH_SomMotB_S2_2,LH,SomMotB,S2,Somatomotor,-35.7,-26.3,18.9,0.09272750527794446,6.609365476999223,8.301381491302189e-06,3.906532466495148e-05,True
49,17Networks_LH_SomMotB_Aud_3,LH,SomMotB,Aud,Somatomotor,-58.6,-37.0,15.7,0.24359752297371745,11.235880566383402,1.0566636201710424e-08,3.5646448259811967e-07,True
50,17Networks_LH_SomMotB_Aud_4,LH,SomMotB,Aud,Somatomotor,-41.1,-34.9,14.3,0.2417966372883065,10.632567419935288,2.2165720307187058e-08,5.541430076796765e-07,True
51,17Networks_LH_SomMotB_S2_3,LH,SomMotB,S2,Somatomotor,-48.7,-12.9,14.2,0.10371366960192681,5.0431041112863575,0.0001456958030808431,0.0003733104774114366,True
52,17Networks_LH_SomMotB_S2_4,LH,SomMotB,S2,Somatomotor,-59.6,-2.3,11.3,0.05534436399214745,2.2348825977669597,0.041062177276976045,0.047885921022712594,True
53,17Networks_LH_SomMotB_S2_5,LH,SomMotB,S2,Somatomotor,-48.1,-24.2,17.8,0.13241972013433861,7.19569818913251,3.0952353419298734e-06,1.934522088706171e-05,True
54,17Networks_LH_SomMotB_S2_6,LH,SomMotB,S2,Somatomotor,-60.9,-17.5,19.5,0.08340616152445264,4.286883974822512,0.0006486999713566052,0.0012182159086509016,True
55,17Networks_LH_SomMotB_Cent_1,LH,SomMotB,Cent,Somatomotor,-59.2,-2.2,23.7,0.2705315866903409,7.826478803183048,1.1268883173211913e-06,9.01510653856953e-06,True
56,17Networks_LH_SomMotB_Cent_2,LH,SomMotB,Cent,Somatomotor,-62.4,-10.3,31.2,0.2179437942473941,6.638908944031969,7.889988272174918e-06,3.757137272464247e-05,True
57,17Networks_LH_SomMotB_Cent_3,LH,SomMotB,Cent,Somatomotor,-53.2,-9.0,30.0,0.3265546883023275,10.687746234390763,2.068548082915051e-08,5.516128221106803e-07,True
58,17Networks_LH_SomMotB_Cent_4,LH,SomMotB,Cent,Somatomotor,-50.9,-6.8,43.1,0.2995474893798136,11.225917042288554,1.069393447794359e-08,3.5646448259811967e-07,True
59,17Networks_LH_SomMotB_Cent_5,LH,SomMotB,Cent,Somatomotor,-48.0,-16.3,40.2,0.3120266583371315,8.825749242872885,2.516997390506344e-07,3.3559965206751253e-06,True
60,17Networks_LH_DorsAttnA_TempOcc_1,LH,DorsAttnA,TempOcc,Dorsal attention,-44.9,-42.3,-21.3,0.12388591249020336,4.89984303006269,0.00019240541434362965,0.0004636275044424811,True
61,17Networks_LH_DorsAttnA_TempOcc_2,LH,DorsAttnA,TempOcc,Dorsal attention,-32.2,-41.4,-21.0,0.0678345701161119,3.0209189578959226,0.008598429708231764,0.0118969323049299,True
62,17Networks_LH_DorsAttnA_TempOcc_3,LH,DorsAttnA,TempOcc,Dorsal attention,-48.7,-55.7,-15.5,0.1374805257422903,3.677574058723199,0.002239649565414953,0.003499452445960864,True
63,17Networks_LH_DorsAttnA_TempOcc_4,LH,DorsAttnA,TempOcc,Dorsal attention,-45.2,-70.0,-8.3,0.09268734755840723,2.584139359352848,0.020743292945081728,0.0260921923837506,True
64,17Networks_LH_DorsAttnA_ParOcc_1,LH,DorsAttnA,ParOcc,Dorsal attention,-47.9,-65.3,14.9,0.21725132395124208,7.588707439279826,1.6393075602123154e-06,1.1503912703244318e-05,True
65,17Networks_LH_DorsAttnA_ParOcc_2,LH,DorsAttnA,ParOcc,Dorsal attention,-31.8,-84.1,27.0,0.09607368486397797,3.4125108400380553,0.003857472739856577,0.00581078176943299,True
66,17Networks_LH_DorsAttnA_SPL_1,LH,DorsAttnA,SPL,Dorsal attention,-26.4,-70.1,30.4,0.07821959140610825,3.3768888671229043,0.004149981717188026,0.006102914289982391,True
67,17Networks_LH_DorsAttnA_SPL_2,LH,DorsAttnA,SPL,Dorsal attention,-21.2,-78.6,44.7,0.10334844937175235,3.438088836565368,0.003660224664460997,0.005545794946153026,True
68,17Networks_LH_DorsAttnA_SPL_3,LH,DorsAttnA,SPL,Dorsal attention,-22.7,-65.5,46.4,0.11603753269084532,3.8910957231635614,0.0014472801393142914,0.0024426669017962727,True
69,17Networks_LH_DorsAttnA_SPL_4,LH,DorsAttnA,SPL,Dorsal attention,-28.7,-58.0,50.6,0.09133964857823774,3.8244251655034245,0.0016583373888561835,0.0027128285233702946,True
70,17Networks_LH_DorsAttnA_SPL_5,LH,DorsAttnA,SPL,Dorsal attention,-35.9,-51.8,56.0,0.10945323193419149,3.6055994948898773,0.002595684163332443,0.004039975351490184,True
71,17Networks_LH_DorsAttnA_SPL_6,LH,DorsAttnA,SPL,Dorsal attention,-14.9,-71.1,57.0,0.1271870369211327,4.432293959154079,0.000484559662270758,0.0009595240837044713,True
72,17Networks_LH_DorsAttnA_SPL_7,LH,DorsAttnA,SPL,Dorsal attention,-28.2,-61.2,62.3,0.09486731982830997,4.147967434818164,0.0008586443789818807,0.0015683002355833438,True
73,17Networks_LH_DorsAttnB_PostC_1,LH,DorsAttnB,PostC,Dorsal attention,-61.4,-23.3,32.8,0.09757092353361482,3.7938707370555806,0.0017652122977484762,0.0028356824060216486,True
74,17Networks_LH_DorsAttnB_PostC_2,LH,DorsAttnB,PostC,Dorsal attention,-54.8,-19.8,40.7,0.10068526210262768,3.9922104893975923,0.0011778329988455696,0.0020395376603386485,True
75,17Networks_LH_DorsAttnB_PostC_3,LH,DorsAttnB,PostC,Dorsal attention,-54.8,-31.3,44.4,0.1062902652976195,3.4098368649433852,0.00387869683109652,0.00581078176943299,True
76,17Networks_LH_DorsAttnB_PostC_4,LH,DorsAttnB,PostC,Dorsal attention,-46.2,-29.1,43.8,0.02906014391809605,1.35146319864679,0.19657818043580397,0.20476893795396248,False
77,17Networks_LH_DorsAttnB_PostC_5,LH,DorsAttnB,PostC,Dorsal attention,-39.0,-37.5,49.8,0.059837227330419004,2.4007313633474947,0.02978232472816508,0.03599072474702728,True
78,17Networks_LH_DorsAttnB_PostC_6,LH,DorsAttnB,PostC,Dorsal attention,-30.2,-46.3,62.7,0.06406508245569463,2.5410795309515106,0.022593875342566423,0.027980031383983188,True
79,17Networks_LH_DorsAttnB_PostC_7,LH,DorsAttnB,PostC,Dorsal attention,-7.4,-58.5,63.1,0.16838286872966002,4.596132532820116,0.00034965362701945763,0.0007322589047527909,True
80,17Networks_LH_DorsAttnB_PostC_8,LH,DorsAttnB,PostC,Dorsal attention,-19.7,-56.5,66.3,0.06439693781913357,2.521881847583501,0.02346892990330367,0.028796233010188552,True
81,17Networks_LH_DorsAttnB_PostC_9,LH,DorsAttnB,PostC,Dorsal attention,-12.9,-50.6,71.6,0.03440753904095609,1.7263903662998017,0.1048084434555558,0.11209459193107572,False
82,17Networks_LH_DorsAttnB_FEF_1,LH,DorsAttnB,FEF,Dorsal attention,-40.3,-2.3,51.3,0.19037682866838485,6.05523616434437,2.2021151784210615e-05,8.551903605518685e-05,True
83,17Networks_LH_DorsAttnB_FEF_2,LH,DorsAttnB,FEF,Dorsal attention,-25.7,-0.5,55.2,0.163687903344528,4.5822511130358645,0.0003594173260126971,0.000737266309769635,True
84,17Networks_LH_DorsAttnB_FEF_3,LH,DorsAttnB,FEF,Dorsal attention,-30.0,-8.0,51.7,0.12465095405046374,4.810007551747209,0.00022934284271287523,0.0005276576560339361,True
85,17Networks_LH_DorsAttnB_PrCv_1,LH,DorsAttnB,PrCv,Dorsal attention,-50.0,2.6,38.0,0.2155658061046509,6.902804047509515,5.037295335977276e-06,2.7984974088762642e-05,True
86,17Networks_LH_SalVentAttnA_ParOper_1,LH,SalVentAttnA,ParOper,Salience / ventral attention,-54.6,-32.0,22.2,0.14312221849401677,6.685904949205981,7.278958769365245e-06,3.550711594812314e-05,True
87,17Networks_LH_SalVentAttnA_ParOper_2,LH,SalVentAttnA,ParOper,Salience / ventral attention,-58.0,-44.2,27.3,0.25625514208256184,9.482648584026313,1.0004991297908463e-07,1.5392294304474558e-06,True
88,17Networks_LH_SalVentAttnA_ParOper_3,LH,SalVentAttnA,ParOper,Salience / ventral attention,-61.2,-36.1,33.3,0.19196318413843186,5.309216484351059,8.750368973393703e-05,0.0002518091790904663,True
89,17Networks_LH_SalVentAttnA_Ins_1,LH,SalVentAttnA,Ins,Salience / ventral attention,-38.7,1.9,-4.6,0.053621870346995046,2.1162851004845393,0.051452351410880906,0.05863515830299818,False
90,17Networks_LH_SalVentAttnA_Ins_2,LH,SalVentAttnA,Ins,Salience / ventral attention,-39.8,-14.4,-1.7,0.08407136961439622,3.307542795545251,0.0047843344166713314,0.006933817995175843,True
91,17Networks_LH_SalVentAttnA_Ins_3,LH,SalVentAttnA,Ins,Salience / ventral attention,-33.0,19.2,8.2,0.11963506946701265,4.183579498891754,0.0007989759872219232,0.001472766796722439,True
92,17Networks_LH_SalVentAttnA_Ins_4,LH,SalVentAttnA,Ins,Salience / ventral attention,-36.5,4.4,10.7,0.08821967361144398,3.492159458008117,0.0032758132230467766,0.005001241561903476,True
93,17Networks_LH_SalVentAttnA_FrOper_1,LH,SalVentAttnA,FrOper,Salience / ventral attention,-50.5,1.5,4.4,0.032853517920316114,1.2897852490770099,0.2166571272424109,0.22451515776415634,False
94,17Networks_LH_SalVentAttnA_FrOper_2,LH,SalVentAttnA,FrOper,Salience / ventral attention,-52.1,8.7,13.3,0.14518356543737854,4.149643214164455,0.0008557373484721676,0.0015683002355833438,True
95,17Networks_LH_SalVentAttnA_ParMed_1,LH,SalVentAttnA,ParMed,Salience / ventral attention,-11.0,-27.4,41.1,0.14651530783937533,4.294412773048727,0.0006389457983007748,0.001205558110001462,True
96,17Networks_LH_SalVentAttnA_ParMed_2,LH,SalVentAttnA,ParMed,Salience / ventral attention,-12.6,-41.5,47.3,0.13249234965944245,5.040169887722399,0.00014652436238398887,0.0003733104774114366,True
97,17Networks_LH_SalVentAttnA_ParMed_3,LH,SalVentAttnA,ParMed,Salience / ventral attention,-5.8,-49.1,57.0,0.1538533082709147,4.592586744763544,0.00035212142707898123,0.0007335863064145443,True
98,17Networks_LH_SalVentAttnA_FrMed_1,LH,SalVentAttnA,FrMed,Salience / ventral attention,-6.5,0.8,40.5,0.04879859525772037,2.07399002359244,0.055710865859300865,0.0633078021128419,False
99,17Networks_LH_SalVentAttnA_FrMed_2,LH,SalVentAttnA,FrMed,Salience / ventral attention,-5.3,9.3,48.4,0.20608258302334206,5.508270467604634,6.01150621548388e-05,0.00019391955533818966,True
100,17Networks_LH_SalVentAttnA_FrMed_3,LH,SalVentAttnA,FrMed,Salience / ventral attention,-8.5,-2.7,70.9,0.15231886365577055,5.134947982343136,0.00012206514513809698,0.00032990579767053235,True
101,17Networks_LH_SalVentAttnB_PFCl_1,LH,SalVentAttnB,PFCl,Salience / ventral attention,-38.2,49.1,11.0,0.1564735928783114,5.217588721332551,0.00010419043903550468,0.0002916672657707044,True
102,17Networks_LH_SalVentAttnB_PFCl_2,LH,SalVentAttnB,PFCl,Salience / ventral attention,-28.9,43.3,29.5,0.18372216897880722,5.074138597525562,0.000137222935389699,0.0003541844553338579,True
103,17Networks_LH_SalVentAttnB_PFCl_3,LH,SalVentAttnB,PFCl,Salience / ventral attention,-35.9,32.0,38.5,0.12057475557962047,4.652200586889007,0.0003129074426040681,0.0006839506942165423,True
104,17Networks_LH_SalVentAttnB_Ins_1,LH,SalVentAttnB,Ins,Salience / ventral attention,-33.4,16.5,-8.3,0.084521407409225,2.8586429438675016,0.011955567236728344,0.015887796992330026,True
105,17Networks_LH_SalVentAttnB_Ins_2,LH,SalVentAttnB,Ins,Salience / ventral attention,-32.9,24.6,-0.8,0.13548243529162746,4.745564663618695,0.0002602805707250929,0.0005816325602795372,True
106,17Networks_LH_SalVentAttnB_Ins_3,LH,SalVentAttnB,Ins,Salience / ventral attention,-43.3,11.9,2.3,0.14333744521240352,4.5868133613781925,0.0003561779066195363,0.0007350717648474725,True
107,17Networks_LH_SalVentAttnB_OFC_1,LH,SalVentAttnB,OFC,Salience / ventral attention,-27.1,49.3,-13.7,0.12192614007387524,4.374750907548424,0.0005437329504863271,0.0010609423424123455,True
108,17Networks_LH_SalVentAttnB_PFCmp_1,LH,SalVentAttnB,PFCmp,Salience / ventral attention,-6.0,21.8,31.1,0.13114118947149017,3.855945515831788,0.0015549287663633338,0.0025915479439388898,True
109,17Networks_LH_LimbicB_OFC_1,LH,LimbicB,OFC,Limbic,-12.4,24.3,-20.5,0.005614736655137196,0.3550794092970752,0.7274734023745325,0.7292966439844937,False
110,17Networks_LH_LimbicB_OFC_2,LH,LimbicB,OFC,Limbic,-23.6,22.4,-19.7,0.13217035449921938,5.126066563386754,0.0001241663378343859,0.00033111023422502904,True
111,17Networks_LH_LimbicB_OFC_3,LH,LimbicB,OFC,Limbic,-10.6,47.3,-21.3,-0.017503348295572728,-0.6694968630290208,0.5133528308066216,0.5211703866057072,False
112,17Networks_LH_LimbicB_OFC_4,LH,LimbicB,OFC,Limbic,-3.9,23.3,-18.9,0.07926453771318241,2.6117260966608717,0.01963506518012604,0.025012821885510877,True
113,17Networks_LH_LimbicB_OFC_5,LH,LimbicB,OFC,Limbic,-15.4,64.3,-8.5,0.23419178053023307,3.9830834946995815,0.0011999107209424787,0.00206881158783186,True
114,17Networks_LH_LimbicA_TempPole_1,LH,LimbicA,TempPole,Limbic,-37.4,-5.5,-42.3,0.05020602544039869,1.9074182800353068,0.07580031059366046,0.08352651305086553,False
115,17Networks_LH_LimbicA_TempPole_2,LH,LimbicA,TempPole,Limbic,-25.1,5.8,-38.3,0.0342234754171899,0.8587115261597571,0.4040136465851977,0.41331319343754247,False
116,17Networks_LH_LimbicA_TempPole_3,LH,LimbicA,TempPole,Limbic,-25.6,-9.0,-32.6,0.08248029942737796,3.407719520637839,0.003895585476463102,0.0058143066812882125,True
117,17Networks_LH_LimbicA_TempPole_4,LH,LimbicA,TempPole,Limbic,-53.8,-21.4,-31.4,0.040328771153148577,1.088809975629539,0.29342234302269826,0.3009459928437931,False
118,17Networks_LH_LimbicA_TempPole_5,LH,LimbicA,TempPole,Limbic,-40.1,-21.8,-26.6,0.1473365317977659,4.19642359867457,0.0007785071442157302,0.0014416798966957966,True
119,17Networks_LH_LimbicA_TempPole_6,LH,LimbicA,TempPole,Limbic,-31.5,11.5,-29.4,0.10757300432568778,4.990052900102272,0.00016145257213395412,0.0004011244028172773,True
120,17Networks_LH_LimbicA_TempPole_7,LH,LimbicA,TempPole,Limbic,-44.2,5.3,-16.2,0.16974064534727734,8.123900135959719,7.122387326499037e-07,6.948670562438085e-06,True
121,17Networks_LH_ContA_Temp_1,LH,ContA,Temp,Frontoparietal control,-55.1,-61.7,-0.7,0.21198593312111166,5.851964365983906,3.183194775444705e-05,0.00011575253728889838,True
122,17Networks_LH_ContA_IPS_1,LH,ContA,IPS,Frontoparietal control,-28.8,-74.2,42.3,0.2066357422790227,6.878682172898751,5.246140366744072e-06,2.874597461229628e-05,True
123,17Networks_LH_ContA_IPS_2,LH,ContA,IPS,Frontoparietal control,-58.3,-41.6,45.6,0.15511546865803053,4.301178405573707,0.0006303081643575507,0.0011996370770327221,True
124,17Networks_LH_ContA_IPS_3,LH,ContA,IPS,Frontoparietal control,-34.4,-62.1,47.9,0.21346302597270367,7.074521018933235,3.7808668119329184e-06,2.2383965690834558e-05,True
125,17Networks_LH_ContA_IPS_4,LH,ContA,IPS,Frontoparietal control,-45.0,-41.3,46.7,0.11640683361138943,4.015046907471668,0.001124381662319819,0.001963985436366496,True
126,17Networks_LH_ContA_IPS_5,LH,ContA,IPS,Frontoparietal control,-33.1,-46.5,40.9,0.09936642240328164,3.778077380625123,0.001823156232187158,0.002917049971499453,True
127,17Networks_LH_ContA_PFCd_1,LH,ContA,PFCd,Frontoparietal control,-21.2,5.1,64.0,0.18162468483957495,5.773277686024459,3.676775151545325e-05,0.00012788783135809825,True
128,17Networks_LH_ContA_PFClv_1,LH,ContA,PFClv,Frontoparietal control,-47.9,35.1,10.5,0.11688806458825153,4.972857158587754,0.00016692922958186593,0.0004096422811824931,True
129,17Networks_LH_ContA_PFClv_2,LH,ContA,PFClv,Frontoparietal control,-41.6,37.7,21.9,0.1935181793656585,5.570938844146308,5.347145695618589e-05,0.00017531625231536358,True
130,17Networks_LH_ContA_PFCl_1,LH,ContA,PFCl,Frontoparietal control,-49.4,6.0,25.6,0.16693126162296176,5.025432512485659,0.00015076007254156705,0.0003816710697254862,True
131,17Networks_LH_ContA_PFCl_2,LH,ContA,PFCl,Frontoparietal control,-44.4,20.2,27.2,0.14787701382780086,5.829950349305032,3.313911174183885e-05,0.0001173065902365977,True
132,17Networks_LH_ContA_PFCl_3,LH,ContA,PFCl,Frontoparietal control,-39.2,7.4,33.5,0.17848381777297387,6.740010135604329,6.63634476061414e-06,3.3181723803070695e-05,True
133,17Networks_LH_ContA_Cingm_1,LH,ContA,Cingm,Frontoparietal control,-3.3,6.4,28.5,0.07797040441197062,3.8782498494537156,0.0014857178306481391,0.0024970047573918304,True
134,17Networks_LH_ContB_Temp_1,LH,ContB,Temp,Frontoparietal control,-60.2,-36.4,-18.1,0.16184259285677902,4.137269415624066,0.0008774410985605837,0.001588128685177527,True
135,17Networks_LH_ContB_Temp_2,LH,ContB,Temp,Frontoparietal control,-60.5,-48.9,-9.7,0.1565813584364881,5.401157687964196,7.352555489501585e-05,0.00022798621672873135,True
136,17Networks_LH_ContB_IPL_1,LH,ContB,IPL,Frontoparietal control,-48.9,-59.5,46.9,0.1740385036206052,6.015171849707727,2.366929673457523e-05,9.016874946504849e-05,True
137,17Networks_LH_ContB_IPL_2,LH,ContB,IPL,Frontoparietal control,-53.2,-49.6,44.8,0.12135261006046391,4.362410429793992,0.0005573576151791051,0.0010822477964642818,True
138,17Networks_LH_ContB_IPL_3,LH,ContB,IPL,Frontoparietal control,-42.1,-52.2,48.6,0.16584892933904216,5.8539814606224985,3.171489017888244e-05,0.00011575253728889838,True
139,17Networks_LH_ContB_PFCd_1,LH,ContB,PFCd,Frontoparietal control,-29.9,13.6,57.2,0.14538223940482456,6.005582596420873,2.408252155401532e-05,9.087743982647291e-05,True
140,17Networks_LH_ContB_PFClv_1,LH,ContB,PFClv,Frontoparietal control,-41.9,49.1,-6.5,0.040216380892116356,1.1391604833057587,0.27250224074575036,0.28093014509871167,False
141,17Networks_LH_ContB_PFClv_2,LH,ContB,PFClv,Frontoparietal control,-28.0,58.4,-0.7,0.0878272331209611,1.8631444737344627,0.08214054055271808,0.0897710825712766,False
142,17Networks_LH_ContB_PFClv_3,LH,ContB,PFClv,Frontoparietal control,-27.6,56.8,13.0,0.15380043242700728,3.723066152574639,0.0020403986185668723,0.0032387279659791624,True
143,17Networks_LH_ContB_PFCmp_1,LH,ContB,PFCmp,Frontoparietal control,-3.7,28.1,47.1,0.08747627271831426,3.0582127882541807,0.007968837096193566,0.01114522670796303,True
144,17Networks_LH_ContC_pCun_1,LH,ContC,pCun,Frontoparietal control,-10.3,-69.6,31.3,0.2192130419726438,7.310026345028052,2.5673512139010365e-06,1.6563556218716363e-05,True
145,17Networks_LH_ContC_pCun_2,LH,ContC,pCun,Frontoparietal control,-9.1,-77.1,45.3,0.17962042947139367,4.6104469068739995,0.00033987022184408426,0.0007155162565138616,True
146,17Networks_LH_ContC_pCun_3,LH,ContC,pCun,Frontoparietal control,-5.0,-63.8,52.0,0.18041226157888884,4.558658736893857,0.0003766580288610735,0.0007609253108304516,True
147,17Networks_LH_ContC_Cingp_1,LH,ContC,Cingp,Frontoparietal control,-5.7,-40.6,23.3,0.18130088158819885,6.48022486189773,1.0381282915049075e-05,4.613903517799589e-05,True
148,17Networks_LH_ContC_Cingp_2,LH,ContC,Cingp,Frontoparietal control,-4.1,-21.7,28.9,0.18426923321124208,6.237159012943841,1.591165379924984e-05,6.629855749687434e-05,True
149,17Networks_LH_DefaultA_IPL_1,LH,DefaultA,IPL,Default mode,-47.3,-63.6,31.3,0.21651429392460414,5.46909651875899,6.469812223168453e-05,0.0002070339911413905,True
150,17Networks_LH_DefaultA_IPL_2,LH,DefaultA,IPL,Default mode,-41.4,-72.0,43.3,0.23233711155288644,8.229532138696404,6.067380665710428e-07,6.067380665710428e-06,True
151,17Networks_LH_DefaultA_PFCd_1,LH,DefaultA,PFCd,Default mode,-24.8,28.3,43.5,0.11790018079544808,3.7195718760578336,0.0020550488281686147,0.0032490890563930666,True
152,17Networks_LH_DefaultA_PFCd_2,LH,DefaultA,PFCd,Default mode,-18.4,35.8,48.1,0.13479441267212683,5.324378324271711,8.502144701691742e-05,0.00024932152620239746,True
153,17Networks_LH_DefaultA_PFCd_3,LH,DefaultA,PFCd,Default mode,-22.4,19.4,51.8,0.12545670938178521,4.644175221548811,0.0003179138003673158,0.0006911169573202517,True
154,17Networks_LH_DefaultA_pCunPCC_1,LH,DefaultA,pCunPCC,Default mode,-4.2,-53.4,20.2,0.1914941228704099,7.883968521831898,1.0303661502564893e-06,8.837044553365598e-06,True
155,17Networks_LH_DefaultA_pCunPCC_2,LH,DefaultA,pCunPCC,Default mode,-5.3,-60.2,30.1,0.22176070383490537,7.069812422737898,3.8105282659110506e-06,2.2383965690834558e-05,True
156,17Networks_LH_DefaultA_pCunPCC_3,LH,DefaultA,pCunPCC,Default mode,-7.4,-44.3,32.0,0.1659637152179187,6.31186310171953,1.3942420489404106e-05,5.9935167287518346e-05,True
157,17Networks_LH_DefaultA_pCunPCC_4,LH,DefaultA,pCunPCC,Default mode,-4.0,-33.9,37.8,0.20833489403271807,9.777113291618047,6.716456292187762e-08,1.2793250080357641e-06,True
158,17Networks_LH_DefaultA_pCunPCC_5,LH,DefaultA,pCunPCC,Default mode,-2.6,-15.5,37.0,0.12320069868870685,5.241063596823187,9.962383303600661e-05,0.00028262080293902584,True
159,17Networks_LH_DefaultA_pCunPCC_6,LH,DefaultA,pCunPCC,Default mode,-3.0,-68.2,41.2,0.20452730343164913,7.317486801667558,2.5363673293813113e-06,1.6563556218716363e-05,True
160,17Networks_LH_DefaultA_pCunPCC_7,LH,DefaultA,pCunPCC,Default mode,-6.7,-50.9,42.8,0.16194874747351334,6.1391207083250485,1.894617228036541e-05,7.56693514706286e-05,True
161,17Networks_LH_DefaultA_PFCm_1,LH,DefaultA,PFCm,Default mode,-4.7,55.1,-10.1,0.07194738836770377,2.0502263272332657,0.05824317841823459,0.06562611652758828,False
162,17Networks_LH_DefaultA_PFCm_2,LH,DefaultA,PFCm,Default mode,-5.9,34.9,-8.8,0.24553011612113046,5.181474053215665,0.00011164319646007544,0.0003058717711234943,True
163,17Networks_LH_DefaultA_PFCm_3,LH,DefaultA,PFCm,Default mode,-6.4,59.2,6.5,0.14898086470115038,4.051133152805152,0.0010448899721144248,0.0018412158098932594,True
164,17Networks_LH_DefaultA_PFCm_4,LH,DefaultA,PFCm,Default mode,-6.1,44.7,5.9,0.17017991882863512,5.843908248004064,3.230397003551877e-05,0.00011618124637587881,True
165,17Networks_LH_DefaultA_PFCm_5,LH,DefaultA,PFCm,Default mode,-16.1,67.0,8.4,0.2862656846634422,3.796215633559003,0.0017567691448184433,0.0028334986206749084,True
166,17Networks_LH_DefaultA_PFCm_6,LH,DefaultA,PFCm,Default mode,-5.4,33.7,20.4,0.12116180901219768,4.788873960737468,0.00023904817650526614,0.0005463958320120368,True
167,17Networks_LH_DefaultB_Temp_1,LH,DefaultB,Temp,Default mode,-43.3,12.9,-33.3,0.19237153601258278,5.128487897260387,0.00012358981064960784,0.00033111023422502904,True
168,17Networks_LH_DefaultB_Temp_2,LH,DefaultB,Temp,Default mode,-53.9,-1.6,-29.3,0.19520644441654955,5.900855485930917,2.9117208816667638e-05,0.00010784151413580607,True
169,17Networks_LH_DefaultB_Temp_3,LH,DefaultB,Temp,Default mode,-61.5,-17.6,-20.5,0.03541003402018165,1.603430904746232,0.129683705940218,0.1368693466387525,False
170,17Networks_LH_DefaultB_Temp_4,LH,DefaultB,Temp,Default mode,-57.0,-8.9,-13.9,0.30083599301494746,9.81172696598342,6.412845275928509e-08,1.2793250080357641e-06,True
171,17Networks_LH_DefaultB_Temp_5,LH,DefaultB,Temp,Default mode,-60.6,-34.7,-3.2,0.23771050880292316,8.009618246942905,8.484416661583547e-07,7.892480615426555e-06,True
172,17Networks_LH_DefaultB_Temp_6,LH,DefaultB,Temp,Default mode,-52.4,-22.6,-5.2,0.31042645236430183,8.438156685307694,4.4383032690411417e-07,4.9314480767123795e-06,True
173,17Networks_LH_DefaultB_IPL_1,LH,DefaultB,IPL,Default mode,-45.7,-59.0,21.1,0.26356284839487065,8.45024838564367,4.3592969904269817e-07,4.9314480767123795e-06,True
174,17Networks_LH_DefaultB_IPL_2,LH,DefaultB,IPL,Default mode,-56.5,-54.6,29.7,0.2285224646398776,7.430781119228988,2.1111797569225833e-06,1.4313083097780225e-05,True
175,17Networks_LH_DefaultB_PFCd_1,LH,DefaultB,PFCd,Default mode,-4.2,51.4,27.9,0.13465951792909855,4.251885394677534,0.0006960789623832205,0.0013010821726789168,True
176,17Networks_LH_DefaultB_PFCd_2,LH,DefaultB,PFCd,Default mode,-13.8,57.5,30.9,0.17688314978052636,5.074049655859953,0.00013724647644186995,0.0003541844553338579,True
177,17Networks_LH_DefaultB_PFCd_3,LH,DefaultB,PFCd,Default mode,-21.9,50.2,31.3,0.16305608857438672,4.859847746018929,0.00020802817966630773,0.0004923743897427402,True
178,17Networks_LH_DefaultB_PFCd_4,LH,DefaultB,PFCd,Default mode,-7.9,42.7,51.2,0.14747585985695527,5.633973786731195,4.755465795586475e-05,0.0001572054808458339,True
179,17Networks_LH_DefaultB_PFCd_5,LH,DefaultB,PFCd,Default mode,-12.5,24.2,61.1,0.11730566084467427,4.107750917876841,0.0009315080998093997,0.0016625434349917638,True
180,17Networks_LH_DefaultB_PFCd_6,LH,DefaultB,PFCd,Default mode,-6.5,10.4,64.4,0.23999995369371419,7.688316810051068,1.399862205455763e-06,9.999015753255451e-06,True
181,17Networks_LH_DefaultB_PFCl_1,LH,DefaultB,PFCl,Default mode,-41.3,19.0,47.8,0.12396304263581705,5.765507554654199,3.729657131253125e-05,0.00012860886659493532,True
182,17Networks_LH_DefaultB_PFCl_2,LH,DefaultB,PFCl,Default mode,-41.6,7.1,48.6,0.1613174870025373,9.146445839344102,1.594793839477252e-07,2.2782769135389313e-06,True
183,17Networks_LH_DefaultB_PFCv_1,LH,DefaultB,PFCv,Default mode,-35.6,22.3,-15.5,0.18455028858093764,5.648241688416575,4.631242047468863e-05,0.00015437473491562877,True
184,17Networks_LH_DefaultB_PFCv_2,LH,DefaultB,PFCv,Default mode,-35.9,36.9,-13.0,0.12797569539686848,5.373707708507322,7.743831373214833e-05,0.00023644141033214033,True
185,17Networks_LH_DefaultB_PFCv_3,LH,DefaultB,PFCv,Default mode,-46.2,31.6,-10.3,0.18248779371309246,6.134406178691675,1.9106511246333723e-05,7.56693514706286e-05,True
186,17Networks_LH_DefaultB_PFCv_4,LH,DefaultB,PFCv,Default mode,-47.7,28.3,0.5,0.23641983388998444,8.498827831048764,4.056515700059467e-07,4.9169887273448085e-06,True
187,17Networks_LH_DefaultB_PFCv_5,LH,DefaultB,PFCv,Default mode,-53.0,19.2,11.5,0.26743848224654954,9.686692068199399,7.583525537726911e-08,1.3739082871574778e-06,True
188,17Networks_LH_DefaultC_IPL_1,LH,DefaultC,IPL,Default mode,-40.4,-78.5,30.2,0.16234816816182737,6.306104045697548,1.4084764312566812e-05,5.9935167287518346e-05,True
189,17Networks_LH_DefaultC_Rsp_1,LH,DefaultC,Rsp,Default mode,-13.5,-48.9,4.0,0.06805848811943338,3.3346625596154857,0.004525500624064663,0.006606570254108997,True
190,17Networks_LH_DefaultC_Rsp_2,LH,DefaultC,Rsp,Default mode,-8.0,-51.9,9.2,0.14257096684017306,7.080261811475238,3.7450303503973837e-06,2.2383965690834558e-05,True
191,17Networks_LH_DefaultC_Rsp_3,LH,DefaultC,Rsp,Default mode,-13.0,-60.7,18.6,0.16041178799113462,8.264750057676386,5.753334329514746e-07,6.067380665710428e-06,True
192,17Networks_LH_DefaultC_PHC_1,LH,DefaultC,PHC,Default mode,-21.0,-20.7,-25.6,0.04567856368596209,3.1486174685885002,0.006625065343067752,0.00946437906152536,True
193,17Networks_LH_DefaultC_PHC_2,LH,DefaultC,PHC,Default mode,-30.1,-32.6,-18.0,0.1370336819120171,6.077166268613148,2.1170107406809787e-05,8.302002904631288e-05,True
194,17Networks_LH_DefaultC_PHC_3,LH,DefaultC,PHC,Default mode,-18.6,-37.3,-11.8,0.04124533650481908,2.3897644985015476,0.030427270724317366,0.036549274143324165,True
195,17Networks_LH_TempPar_1,LH,TempPar,nan,Temporoparietal,-52.8,6.2,-11.6,0.338641177034966,11.278021474125836,1.0045714369067307e-08,3.5646448259811967e-07,True
196,17Networks_LH_TempPar_2,LH,TempPar,nan,Temporoparietal,-60.5,-12.6,-2.7,0.4491821332369104,12.632545282039445,2.1355014883863304e-09,1.7084011907090642e-07,True
197,17Networks_LH_TempPar_3,LH,TempPar,nan,Temporoparietal,-61.7,-31.9,5.0,0.43942155507687536,13.556906922498126,8.023507906048846e-10,8.023507906048846e-08,True
198,17Networks_LH_TempPar_4,LH,TempPar,nan,Temporoparietal,-52.6,-43.0,5.1,0.3692538539190434,11.307334383926454,9.699452641183574e-09,3.5646448259811967e-07,True
199,17Networks_LH_TempPar_5,LH,TempPar,nan,Temporoparietal,-56.6,-53.7,10.0,0.32353956588455424,9.65638773201037,7.899972651155498e-08,1.3739082871574778e-06,True
200,17Networks_LH_TempPar_6,LH,TempPar,nan,Temporoparietal,-58.5,-49.0,16.2,0.3075566012884138,10.02162885978523,4.85681899128705e-08,1.142780939126365e-06,True
201,17Networks_RH_VisCent_ExStr_1,RH,VisCent,ExStr,Visual,35.4,-53.7,-17.3,0.04658020142634212,1.6170184460822432,0.12670588376400813,0.13408030027937368,False
202,17Networks_RH_VisCent_ExStr_2,RH,VisCent,ExStr,Visual,37.1,-73.3,-15.4,0.08087583393132121,2.166367772395219,0.0467985719962634,0.05394648068733533,False
203,17Networks_RH_VisCent_ExStr_3,RH,VisCent,ExStr,Visual,23.1,-73.6,-10.7,0.05338860390411461,2.309301942430158,0.035578503658985336,0.042229677933513746,True
204,17Networks_RH_VisCent_ExStr_4,RH,VisCent,ExStr,Visual,19.3,-88.0,-12.5,0.11086425092946736,3.146473737879359,0.006654174550095825,0.009472134590883738,True
205,17Networks_RH_VisCent_ExStr_5,RH,VisCent,ExStr,Visual,42.3,-83.6,-12.2,0.1011709056011161,2.522798733676329,0.023426410735187992,0.028796233010188552,True
206,17Networks_RH_VisCent_ExStr_6,RH,VisCent,ExStr,Visual,25.2,-96.5,-9.9,0.16202040228584727,4.011207049446004,0.0011331939947988791,0.0019707721648676156,True
207,17Networks_RH_VisCent_Striate_1,RH,VisCent,Striate,Visual,8.4,-92.1,-1.6,0.10055695676155034,4.586343975927349,0.0003565098059510242,0.0007350717648474725,True
208,17Networks_RH_VisCent_ExStr_7,RH,VisCent,ExStr,Visual,35.4,-88.7,2.1,0.06449581841230366,1.949815016556593,0.07014474840565106,0.07772271291484882,False
209,17Networks_RH_VisCent_ExStr_8,RH,VisCent,ExStr,Visual,23.6,-98.8,7.4,0.018015044083752887,0.4459338374666396,0.6620144324062295,0.6670170603589214,False
210,17Networks_RH_VisCent_ExStr_9,RH,VisCent,ExStr,Visual,43.8,-78.8,10.4,0.014860856373327878,0.5525398307204042,0.5887182160312482,0.5946648646780285,False
211,17Networks_RH_VisCent_ExStr_10,RH,VisCent,ExStr,Visual,12.7,-94.1,18.8,0.008965709341261695,0.42604692220715445,0.676124093394089,0.679521701903607,False
212,17Networks_RH_VisCent_ExStr_11,RH,VisCent,ExStr,Visual,27.1,-87.1,20.7,0.032290351220883286,1.4878829527912685,0.15750124372158741,0.16535563645311013,False
213,17Networks_RH_VisPeri_ExStrInf_1,RH,VisPeri,ExStrInf,Visual,26.1,-51.9,-8.8,0.05206414226083862,2.8108665686883683,0.013167756007759643,0.017325994747052164,True
214,17Networks_RH_VisPeri_ExStrInf_2,RH,VisPeri,ExStrInf,Visual,18.2,-35.9,-12.5,0.03874850961722886,2.298620608328899,0.036320994108757054,0.042801660285170316,True
215,17Networks_RH_VisPeri_ExStrInf_3,RH,VisPeri,ExStrInf,Visual,9.2,-72.2,-4.8,0.06467852780547341,3.268253235194407,0.005185650703725191,0.007488304265307135,True
216,17Networks_RH_VisPeri_ExStrInf_4,RH,VisPeri,ExStrInf,Visual,12.9,-57.4,-3.4,0.04565063160419186,2.747238347950839,0.014969136016638294,0.01937752235163533,True
217,17Networks_RH_VisPeri_ExStrInf_5,RH,VisPeri,ExStrInf,Visual,17.9,-44.7,-2.7,0.041189301536992955,1.84060738065222,0.08554662900614798,0.09298546631103041,False
218,17Networks_RH_VisPeri_StriCal_1,RH,VisPeri,StriCal,Visual,9.0,-73.4,8.3,0.07886785777936153,4.846654055030408,0.00021346389951666894,0.0005022679988627505,True
219,17Networks_RH_VisPeri_StriCal_2,RH,VisPeri,StriCal,Visual,21.6,-59.5,5.8,0.04985771383584625,2.8517097708785237,0.01212447886718816,0.016058912406871736,True
220,17Networks_RH_VisPeri_ExStrSup_1,RH,VisPeri,ExStrSup,Visual,15.8,-66.0,18.8,0.08919872525350345,4.105809515310424,0.0009351806821828672,0.0016625434349917638,True
221,17Networks_RH_VisPeri_ExStrSup_2,RH,VisPeri,ExStrSup,Visual,5.0,-80.0,23.3,0.11347914217327344,5.72857456458555,3.9920514620301225e-05,0.00013532377837390246,True
222,17Networks_RH_VisPeri_ExStrSup_3,RH,VisPeri,ExStrSup,Visual,14.3,-77.4,33.7,0.14025959917148503,4.53921943791698,0.0003915001934077435,0.0007869350621261175,True
223,17Networks_RH_VisPeri_ExStrSup_4,RH,VisPeri,ExStrSup,Visual,16.2,-86.8,36.6,0.07718004623708019,2.2049842433240485,0.04347987174483471,0.05026574768188984,False
224,17Networks_RH_SomMotA_1,RH,SomMotA,nan,Somatomotor,54.6,-16.8,40.2,0.06951813329451534,2.485270159466254,0.02522822959110394,0.030672619563652206,True
225,17Networks_RH_SomMotA_2,RH,SomMotA,nan,Somatomotor,52.3,-12.8,49.2,0.12984000739172372,3.519354568827169,0.003098020806414458,0.004766185856022244,True
226,17Networks_RH_SomMotA_3,RH,SomMotA,nan,Somatomotor,44.1,-10.8,48.2,0.11708471726526182,4.144810392426916,0.0008641483526713473,0.0015711788230388132,True
227,17Networks_RH_SomMotA_4,RH,SomMotA,nan,Somatomotor,49.1,-25.5,55.8,0.012247002292135021,0.5753700075445525,0.5735716713945971,0.5808320722983262,False
228,17Networks_RH_SomMotA_5,RH,SomMotA,nan,Somatomotor,6.9,-10.0,51.3,0.044967241175296234,1.6853084256547601,0.11261377028208466,0.11980188327881347,False
229,17Networks_RH_SomMotA_6,RH,SomMotA,nan,Somatomotor,42.4,-21.1,54.7,0.05540554264202418,2.5928029341769125,0.02038894348946478,0.025890721891383847,True
230,17Networks_RH_SomMotA_7,RH,SomMotA,nan,Somatomotor,36.4,-18.2,63.3,0.036815024384773874,1.7376337931989618,0.10275640333765092,0.11019453441034952,False
231,17Networks_RH_SomMotA_8,RH,SomMotA,nan,Somatomotor,32.4,-34.1,63.1,0.0320867338747102,1.7709969614159486,0.09687324120489757,0.10444554307805667,False
232,17Networks_RH_SomMotA_9,RH,SomMotA,nan,Somatomotor,31.0,-40.6,64.0,0.047585276682665774,2.8873517979187238,0.01128024659863325,0.015090630901181604,True
233,17Networks_RH_SomMotA_10,RH,SomMotA,nan,Somatomotor,34.1,-27.2,61.0,0.045409749125026086,2.586552639769147,0.020643997815637867,0.026049208600173963,True
234,17Networks_RH_SomMotA_11,RH,SomMotA,nan,Somatomotor,4.4,-24.7,58.4,0.0866924582929861,4.299210222787009,0.000632808558134761,0.0011996370770327221,True
235,17Networks_RH_SomMotA_12,RH,SomMotA,nan,Somatomotor,28.7,-10.9,64.8,0.025514459406763553,1.2946204742714595,0.21502627882997621,0.22340392605711812,False
236,17Networks_RH_SomMotA_13,RH,SomMotA,nan,Somatomotor,9.2,-40.1,68.0,0.10141344833792233,4.023191797552963,0.0011059190622858767,0.0019402088812032923,True
237,17Networks_RH_SomMotA_14,RH,SomMotA,nan,Somatomotor,21.2,-24.4,66.0,0.056449187282600725,3.05252261960714,0.008061878237333895,0.011197053107408187,True
238,17Networks_RH_SomMotA_15,RH,SomMotA,nan,Somatomotor,22.2,-28.9,67.9,0.06763645472023265,3.5036035217924275,0.0031997830444168898,0.004903882060409027,True
239,17Networks_RH_SomMotA_16,RH,SomMotA,nan,Somatomotor,22.3,-35.0,70.4,0.052718529568810624,3.3740338903922953,0.004174361677466799,0.0061162808461052,True
240,17Networks_RH_SomMotA_17,RH,SomMotA,nan,Somatomotor,16.8,-6.2,69.5,0.05631543059056749,2.5560785450512418,0.021932005550822833,0.027329601932489508,True
241,17Networks_RH_SomMotA_18,RH,SomMotA,nan,Somatomotor,5.5,-22.0,71.7,0.09172529622261921,4.667241048590623,0.00030374192939999957,0.0006712528826519328,True
242,17Networks_RH_SomMotA_19,RH,SomMotA,nan,Somatomotor,16.3,-18.4,72.6,0.043394866118303566,2.569449031564067,0.021357683967544297,0.026780794943629213,True
243,17Networks_RH_SomMotA_20,RH,SomMotA,nan,Somatomotor,12.8,-32.9,75.6,0.07692649878555338,3.823461114974893,0.0016616074705643055,0.0027128285233702946,True
244,17Networks_RH_SomMotB_Aud_1,RH,SomMotB,Aud,Somatomotor,53.1,2.6,-5.6,0.23667466420406522,7.780924402280436,1.2101111259666824e-06,9.477511807303968e-06,True
245,17Networks_RH_SomMotB_Aud_2,RH,SomMotB,Aud,Somatomotor,53.5,-13.7,5.7,0.3195184795800583,9.954658403335825,5.304605156933655e-08,1.1632440070987026e-06,True
246,17Networks_RH_SomMotB_Ins_1,RH,SomMotB,Ins,Somatomotor,39.8,-18.4,4.8,0.041126954965657075,1.7751867858539547,0.09615578209725127,0.10395219686189328,False
247,17Networks_RH_SomMotB_S2_1,RH,SomMotB,S2,Somatomotor,37.9,-7.9,13.8,0.05204317169457722,2.9613617543316892,0.00970663343755815,0.013206303996677755,True
248,17Networks_RH_SomMotB_S2_2,RH,SomMotB,S2,Somatomotor,34.8,-21.5,14.3,0.03205854119881898,1.9527180211582187,0.06977180097160046,0.0777147947649662,False
249,17Networks_RH_SomMotB_Aud_3,RH,SomMotB,Aud,Somatomotor,60.1,-23.7,10.8,0.3410467568932678,12.079924876310917,3.9475970609815445e-09,2.035543485490559e-07,True
250,17Networks_RH_SomMotB_S2_3,RH,SomMotB,S2,Somatomotor,40.9,-13.1,18.2,0.033702163396068324,2.37563253600647,0.03127783692926469,0.03745848734043675,True
251,17Networks_RH_SomMotB_S2_4,RH,SomMotB,S2,Somatomotor,41.5,-28.9,18.0,0.07693053143896572,4.3939187101081645,0.000523242334840507,0.001031019378996073,True
252,17Networks_RH_SomMotB_S2_5,RH,SomMotB,S2,Somatomotor,49.5,-10.0,12.9,0.06111950852390097,2.816010189217582,0.013031710888077128,0.01720357873013482,True
253,17Networks_RH_SomMotB_S2_6,RH,SomMotB,S2,Somatomotor,59.2,0.7,10.4,0.07329786094647342,2.9761245520732023,0.009419526026439943,0.012859421196505042,True
254,17Networks_RH_SomMotB_S2_7,RH,SomMotB,S2,Somatomotor,49.0,-21.3,18.5,0.04543966517859021,2.0557526182282717,0.05764505394379178,0.06513565417377602,False
255,17Networks_RH_SomMotB_S2_8,RH,SomMotB,S2,Somatomotor,61.8,-11.5,15.3,0.13570860718910704,5.356941110606661,7.99338512884234e-05,0.00023860851130872658,True
256,17Networks_RH_SomMotB_Cent_1,RH,SomMotB,Cent,Somatomotor,60.7,6.4,29.3,0.06729102283581784,3.410092857413535,0.0038766599097649914,0.00581078176943299,True
257,17Networks_RH_SomMotB_Cent_2,RH,SomMotB,Cent,Somatomotor,59.2,-5.3,27.2,0.2544757802582979,8.53854349973709,3.8254646117472296e-07,4.86648192594081e-06,True
258,17Networks_RH_SomMotB_Cent_3,RH,SomMotB,Cent,Somatomotor,51.5,-6.4,37.2,0.24010880840969911,6.551988054025774,9.165783544763504e-06,4.214153353914254e-05,True
259,17Networks_RH_DorsAttnA_TempOcc_1,RH,DorsAttnA,TempOcc,Dorsal attention,33.5,-36.5,-22.9,0.04924346895480971,1.6937479821159391,0.11097024497309614,0.11836826130463589,False
260,17Networks_RH_DorsAttnA_TempOcc_2,RH,DorsAttnA,TempOcc,Dorsal attention,49.8,-49.3,-18.1,0.0961839560359887,2.9022888264331073,0.01094376390911523,0.01468961598538957,True
261,17Networks_RH_DorsAttnA_TempOcc_3,RH,DorsAttnA,TempOcc,Dorsal attention,50.1,-64.5,-9.3,0.07874662787630199,2.612940568631495,0.019587607713918317,0.025012821885510877,True
262,17Networks_RH_DorsAttnA_ParOcc_1,RH,DorsAttnA,ParOcc,Dorsal attention,48.6,-65.7,4.3,0.11881178233168792,3.7091599614740063,0.002099333841122525,0.003293072691956902,True
263,17Networks_RH_DorsAttnA_ParOcc_2,RH,DorsAttnA,ParOcc,Dorsal attention,53.7,-55.6,12.4,0.2783916093614359,7.853694503221427,1.0800604942884049e-06,8.837044553365598e-06,True
264,17Networks_RH_DorsAttnA_ParOcc_3,RH,DorsAttnA,ParOcc,Dorsal attention,35.6,-79.3,24.2,0.07112850936359087,2.2977604978654145,0.036381411242394766,0.042801660285170316,True
265,17Networks_RH_DorsAttnA_SPL_1,RH,DorsAttnA,SPL,Dorsal attention,28.9,-77.8,36.7,0.08669266796448814,2.738612309545128,0.015231041679229609,0.01965295700545756,True
266,17Networks_RH_DorsAttnA_SPL_2,RH,DorsAttnA,SPL,Dorsal attention,31.6,-66.5,35.4,0.17222872681053106,5.740014460087514,3.9087830419241814e-05,0.00013363360827091218,True
267,17Networks_RH_DorsAttnA_SPL_3,RH,DorsAttnA,SPL,Dorsal attention,18.6,-79.0,50.2,0.10016937142485575,3.0533895888421205,0.008047633477949878,0.011197053107408187,True
268,17Networks_RH_DorsAttnA_SPL_4,RH,DorsAttnA,SPL,Dorsal attention,30.9,-63.8,53.0,0.17752947343416695,6.16152446044953,1.8203190607407945e-05,7.354824487841595e-05,True
269,17Networks_RH_DorsAttnA_SPL_5,RH,DorsAttnA,SPL,Dorsal attention,20.9,-68.6,52.9,0.11136887799907445,3.120809186517587,0.007012637670220339,0.00994700378754658,True
270,17Networks_RH_DorsAttnA_SPL_6,RH,DorsAttnA,SPL,Dorsal attention,34.0,-50.6,54.3,0.13799606342201323,5.097310096256139,0.00013122980761752625,0.0003430844643595458,True
271,17Networks_RH_DorsAttnA_SPL_7,RH,DorsAttnA,SPL,Dorsal attention,26.7,-58.1,60.7,0.05015916492047529,1.7471384179315124,0.10104925682517071,0.10865511486577495,False
272,17Networks_RH_DorsAttnA_SPL_8,RH,DorsAttnA,SPL,Dorsal attention,13.5,-64.0,64.8,0.09427876000713468,2.7989589195006537,0.013488027057908436,0.01763140791883456,True
273,17Networks_RH_DorsAttnB_TempOcc_1,RH,DorsAttnB,TempOcc,Dorsal attention,59.3,-54.6,-2.6,0.15567759650761864,5.36562886394179,7.863052943155935e-05,0.00023648279528288527,True
274,17Networks_RH_DorsAttnB_PostC_1,RH,DorsAttnB,PostC,Dorsal attention,61.2,-14.2,30.2,0.08184751396677174,3.1906173611685107,0.006079509275685356,0.008716142330731693,True
275,17Networks_RH_DorsAttnB_PostC_2,RH,DorsAttnB,PostC,Dorsal attention,57.2,-22.5,44.0,0.03612466208186282,1.4091238889152027,0.17919172700406547,0.1876353162346235,False
276,17Networks_RH_DorsAttnB_PostC_3,RH,DorsAttnB,PostC,Dorsal attention,43.6,-37.6,50.0,0.10374701082387827,5.2171839763220715,0.00010427104751302683,0.0002916672657707044,True
277,17Networks_RH_DorsAttnB_PostC_4,RH,DorsAttnB,PostC,Dorsal attention,45.2,-28.2,42.9,0.03814686493254295,1.8657771558725156,0.08175065960123787,0.08958976394656204,False
278,17Networks_RH_DorsAttnB_PostC_5,RH,DorsAttnB,PostC,Dorsal attention,35.8,-36.0,51.5,0.07412209312422723,3.711221464551948,0.002090489931541702,0.003292110128412129,True
279,17Networks_RH_DorsAttnB_PostC_6,RH,DorsAttnB,PostC,Dorsal attention,7.4,-53.7,59.8,0.1833304812326728,4.615083935519819,0.00033676158636834763,0.0007148493874328344,True
280,17Networks_RH_DorsAttnB_PostC_7,RH,DorsAttnB,PostC,Dorsal attention,24.4,-50.0,68.2,0.05745925237971659,2.488390793821777,0.02507350351963172,0.03057744331662405,True
281,17Networks_RH_DorsAttnB_PostC_8,RH,DorsAttnB,PostC,Dorsal attention,16.1,-46.7,73.7,0.06875122185653075,3.4462022768593408,0.0035997874667853184,0.005474961926669686,True
282,17Networks_RH_DorsAttnB_FEF_1,RH,DorsAttnB,FEF,Dorsal attention,39.5,-3.1,52.9,0.10875304230058079,3.396563462749812,0.003985789875911857,0.005926825094292724,True
283,17Networks_RH_DorsAttnB_FEF_2,RH,DorsAttnB,FEF,Dorsal attention,27.6,-3.6,52.2,0.06073104652366735,2.586624701932871,0.02064103982036123,0.026049208600173963,True
284,17Networks_RH_DorsAttnB_FEF_3,RH,DorsAttnB,FEF,Dorsal attention,24.8,-3.1,63.8,0.05986144198411144,2.4907872799491977,0.02495529613824627,0.030526356132411336,True
285,17Networks_RH_SalVentAttnA_ParOper_1,RH,SalVentAttnA,ParOper,Salience / ventral attention,57.9,-30.9,24.3,0.09374038886253298,3.20081797024547,0.0059538691950439294,0.008566718266250257,True
286,17Networks_RH_SalVentAttnA_ParOper_2,RH,SalVentAttnA,ParOper,Salience / ventral attention,60.4,-21.9,22.5,0.06824789222122947,3.108815571473988,0.007186631051246321,0.01015778240458844,True
287,17Networks_RH_SalVentAttnA_ParOper_3,RH,SalVentAttnA,ParOper,Salience / ventral attention,62.6,-25.8,38.0,0.08009621547746798,2.7855477515153,0.013857806686679804,0.018055774184599093,True
288,17Networks_RH_SalVentAttnA_PrC_1,RH,SalVentAttnA,PrC,Salience / ventral attention,51.0,3.4,40.8,0.16554739288083586,4.985024639586334,0.0001630345630871877,0.0004025544767584881,True
289,17Networks_RH_SalVentAttnA_Ins_1,RH,SalVentAttnA,Ins,Salience / ventral attention,40.5,5.0,-15.5,0.14989990788200272,7.7580186333484065,1.2543766812752557e-06,9.477511807303968e-06,True
290,17Networks_RH_SalVentAttnA_Ins_2,RH,SalVentAttnA,Ins,Salience / ventral attention,40.5,8.7,-2.8,0.08230057602507376,3.0193890838170585,0.008625275921074177,0.0118969323049299,True
291,17Networks_RH_SalVentAttnA_Ins_3,RH,SalVentAttnA,Ins,Salience / ventral attention,40.2,-10.6,-4.2,0.10464823466232835,3.5992505276701365,0.0026296996248865437,0.004077053681994642,True
292,17Networks_RH_SalVentAttnA_Ins_4,RH,SalVentAttnA,Ins,Salience / ventral attention,39.2,-1.5,5.5,0.05280164933639458,2.395596690241066,0.030082660678949682,0.03624416949271046,True
293,17Networks_RH_SalVentAttnA_FrOper_1,RH,SalVentAttnA,FrOper,Salience / ventral attention,38.4,7.0,10.5,0.07329537942860284,2.9539881117545184,0.00985323209028758,0.013338739442023441,True
294,17Networks_RH_SalVentAttnA_FrOper_2,RH,SalVentAttnA,FrOper,Salience / ventral attention,49.5,4.9,3.6,0.1363240448946016,4.213870684333546,0.000751555797585174,0.0013982433443445097,True
295,17Networks_RH_SalVentAttnA_FrOper_3,RH,SalVentAttnA,FrOper,Salience / ventral attention,53.8,11.9,11.7,0.14366328083466787,4.069371821076748,0.0010069099875119941,0.0017821415708176888,True
296,17Networks_RH_SalVentAttnA_FrMed_1,RH,SalVentAttnA,FrMed,Salience / ventral attention,7.6,2.3,43.2,0.07071559112799912,2.876540311811019,0.011530077543166909,0.015373436724222544,True
297,17Networks_RH_SalVentAttnA_ParMed_1,RH,SalVentAttnA,ParMed,Salience / ventral attention,11.1,-17.0,41.3,0.08733337771690997,3.814689720447656,0.0016916612870217567,0.0027395324486182296,True
298,17Networks_RH_SalVentAttnA_ParMed_2,RH,SalVentAttnA,ParMed,Salience / ventral attention,11.4,-33.5,42.5,0.18397263419221965,5.56108494219736,5.446334721870404e-05,0.00017711657632098874,True
299,17Networks_RH_SalVentAttnA_FrMed_2,RH,SalVentAttnA,FrMed,Salience / ventral attention,5.7,10.6,57.5,0.160713215491915,5.015703170864248,0.00015362551687521093,0.0003864792877363797,True
300,17Networks_RH_SalVentAttnA_ParMed_3,RH,SalVentAttnA,ParMed,Salience / ventral attention,10.2,-43.2,53.4,0.12035951341578849,3.8676160810191194,0.0015183171335165933,0.0025411165414503654,True
301,17Networks_RH_SalVentAttnA_ParMed_4,RH,SalVentAttnA,ParMed,Salience / ventral attention,10.6,-32.3,50.6,0.11302153233001391,4.452150066789165,0.00046570626386963396,0.0009267786345664358,True
302,17Networks_RH_SalVentAttnA_FrMed_3,RH,SalVentAttnA,FrMed,Salience / ventral attention,6.8,-1.6,66.6,0.16589718806062984,4.863653088331685,0.0002064870496143359,0.0004916358324150855,True
303,17Networks_RH_SalVentAttnA_FrMed_4,RH,SalVentAttnA,FrMed,Salience / ventral attention,16.2,6.6,69.3,0.14455503610898043,5.200192814217748,0.00010771386335579787,0.00029714169201599416,True
304,17Networks_RH_SalVentAttnB_IPL_1,RH,SalVentAttnB,IPL,Salience / ventral attention,62.1,-37.4,37.0,0.16707772237057705,4.764861450858747,0.00025059033737352037,0.0005695234940307282,True
305,17Networks_RH_SalVentAttnB_PFClv_1,RH,SalVentAttnB,PFClv,Salience / ventral attention,49.0,39.9,5.0,0.1441891920126896,5.138820600779416,0.00012116049063553124,0.000329688409892602,True
306,17Networks_RH_SalVentAttnB_PFCl_1,RH,SalVentAttnB,PFCl,Salience / ventral attention,41.7,45.9,14.3,0.22823834708167964,7.901865848242142,1.002124558936333e-06,8.837044553365598e-06,True
307,17Networks_RH_SalVentAttnB_PFCl_2,RH,SalVentAttnB,PFCl,Salience / ventral attention,25.3,54.1,24.8,0.19832957171039248,5.781053859415072,3.624632490492797e-05,0.00012718008738571218,True
308,17Networks_RH_SalVentAttnB_PFCl_3,RH,SalVentAttnB,PFCl,Salience / ventral attention,32.4,44.7,28.4,0.20952244769290185,6.4586216402524705,1.07793268908067e-05,4.7381656662886596e-05,True
309,17Networks_RH_SalVentAttnB_Ins_1,RH,SalVentAttnB,Ins,Salience / ventral attention,33.9,21.1,-7.7,0.09058690113135397,3.380121200545178,0.004122550707195246,0.006102914289982391,True
310,17Networks_RH_SalVentAttnB_Ins_2,RH,SalVentAttnB,Ins,Salience / ventral attention,37.2,22.6,4.7,0.08955245623713479,3.008426177946234,0.008820078353522534,0.01212381904264266,True
311,17Networks_RH_SalVentAttnB_PFCmp_1,RH,SalVentAttnB,PFCmp,Salience / ventral attention,7.5,34.9,25.2,0.13688762612234062,5.10121281122938,0.0001302473241590589,0.00034275611620804974,True
312,17Networks_RH_SalVentAttnB_PFCmp_2,RH,SalVentAttnB,PFCmp,Salience / ventral attention,7.3,18.6,35.5,0.13975338345622657,4.618990020924294,0.00033416562944196197,0.000714792790250186,True
313,17Networks_RH_LimbicB_OFC_1,RH,LimbicB,OFC,Limbic,13.2,23.3,-20.5,0.024839898298833103,1.286994387929106,0.21760289904852698,0.2249125571561002,False
314,17Networks_RH_LimbicB_OFC_2,RH,LimbicB,OFC,Limbic,23.1,22.3,-20.3,0.0860743174963863,2.143054287778364,0.048914237162670814,0.05606216293715852,False
315,17Networks_RH_LimbicB_OFC_3,RH,LimbicB,OFC,Limbic,7.8,46.8,-23.3,-0.003273377951042688,-0.11926134743185321,0.9066508993947018,0.9066508993947018,False
316,17Networks_RH_LimbicB_OFC_4,RH,LimbicB,OFC,Limbic,20.0,43.0,-18.2,0.04124307912510824,2.5501965911605224,0.02218931937020984,0.027564371888459428,True
317,17Networks_RH_LimbicB_OFC_5,RH,LimbicB,OFC,Limbic,4.8,21.8,-20.6,0.05650740696887093,2.217088778343325,0.04248550971712938,0.049401755485034164,True
318,17Networks_RH_LimbicB_OFC_6,RH,LimbicB,OFC,Limbic,9.4,62.6,-14.4,0.08938449852010831,1.6653736551514244,0.11658001595637361,0.12369232462214708,False
319,17Networks_RH_LimbicA_TempPole_1,RH,LimbicA,TempPole,Limbic,27.8,-1.3,-40.1,-0.02064496170571594,-0.749956679778749,0.4648819954314664,0.4743693830933331,False
320,17Networks_RH_LimbicA_TempPole_2,RH,LimbicA,TempPole,Limbic,48.8,-6.5,-39.2,0.17649517004485415,5.36971163246319,7.802566540960631e-05,0.00023644141033214033,True
321,17Networks_RH_LimbicA_TempPole_3,RH,LimbicA,TempPole,Limbic,36.7,16.6,-37.0,0.06852523547354021,2.329212454904901,0.03423237774043811,0.0407528306433787,True
322,17Networks_RH_LimbicA_TempPole_4,RH,LimbicA,TempPole,Limbic,39.4,-14.8,-31.2,0.17859676841887873,3.07232468747239,0.007742630177947989,0.01086684937255858,True
323,17Networks_RH_LimbicA_TempPole_5,RH,LimbicA,TempPole,Limbic,28.6,11.8,-30.4,0.06491121055509948,2.7991729599986632,0.013482203880406258,0.01763140791883456,True
324,17Networks_RH_LimbicA_TempPole_6,RH,LimbicA,TempPole,Limbic,50.0,-27.7,-25.9,0.11405172804724718,2.282058302171761,0.03750109131560911,0.043989549930333265,True
325,17Networks_RH_ContA_IPS_1,RH,ContA,IPS,Frontoparietal control,35.1,-70.7,46.7,0.23623802199361438,8.24950141969842,5.887154889484373e-07,6.067380665710428e-06,True
326,17Networks_RH_ContA_IPS_2,RH,ContA,IPS,Frontoparietal control,53.9,-33.2,51.2,0.09728227560399702,3.9656751395127943,0.0012431918716862222,0.0021251143105747387,True
327,17Networks_RH_ContA_IPS_3,RH,ContA,IPS,Frontoparietal control,46.8,-44.1,46.7,0.21436755395583748,6.664341879916571,7.552925340034838e-06,3.639964019293898e-05,True
328,17Networks_RH_ContA_IPS_4,RH,ContA,IPS,Frontoparietal control,36.4,-44.8,45.2,0.13340289750977163,4.824620650827622,0.00022286998274067635,0.0005183022854434334,True
329,17Networks_RH_ContA_PFCd_1,RH,ContA,PFCd,Frontoparietal control,24.3,9.9,57.9,0.17284753944343667,5.446744993511938,6.74741047743221e-05,0.00021420350722007014,True
330,17Networks_RH_ContA_PFCl_1,RH,ContA,PFCl,Frontoparietal control,49.1,30.3,18.3,0.15882796565830648,5.111837059376671,0.00012761106514852223,0.00033804255668482713,True
331,17Networks_RH_ContA_PFCl_2,RH,ContA,PFCl,Frontoparietal control,48.3,18.1,23.6,0.27144164085976596,8.032582995790488,8.190196322836957e-07,7.800186974130434e-06,True
332,17Networks_RH_ContA_PFCl_3,RH,ContA,PFCl,Frontoparietal control,47.3,28.9,28.0,0.1513837483771613,5.315965946988216,8.638954868038952e-05,0.00025040448892866526,True
333,17Networks_RH_ContA_PFCl_4,RH,ContA,PFCl,Frontoparietal control,49.0,8.2,24.7,0.16027364306064557,4.574850060266094,0.0003647368832556436,0.0007405825040723728,True
334,17Networks_RH_ContA_PFCl_5,RH,ContA,PFCl,Frontoparietal control,39.3,10.7,33.8,0.16124516291812116,6.825315236226442,5.741081618186495e-06,3.092494465064002e-05,True
335,17Networks_RH_ContA_Cingm_1,RH,ContA,Cingm,Frontoparietal control,4.8,1.4,30.3,0.06846237598432442,3.843492490745531,0.0015949807237241897,0.0026472709107455434,True
336,17Networks_RH_ContB_Temp_1,RH,ContB,Temp,Frontoparietal control,61.7,-28.7,-19.8,0.05689393516667152,2.0123535079473367,0.06249729166318573,0.0702216760260514,False
337,17Networks_RH_ContB_Temp_2,RH,ContB,Temp,Frontoparietal control,63.3,-42.2,-10.6,0.19893708961281656,7.757311350813348,1.2557703144677759e-06,9.477511807303968e-06,True
338,17Networks_RH_ContB_IPL_1,RH,ContB,IPL,Frontoparietal control,56.1,-45.4,32.3,0.25099711471016095,6.544982027281052,9.277604814264185e-06,4.217093097392812e-05,True
339,17Networks_RH_ContB_IPL_2,RH,ContB,IPL,Frontoparietal control,54.6,-52.8,44.5,0.17879022089936086,6.765199598896147,6.3577027336413104e-06,3.273565221651495e-05,True
340,17Networks_RH_ContB_IPL_3,RH,ContB,IPL,Frontoparietal control,55.6,-40.9,47.4,0.17681571370226468,7.373575158225031,2.315635640536263e-06,1.543757093690842e-05,True
341,17Networks_RH_ContB_IPL_4,RH,ContB,IPL,Frontoparietal control,40.9,-55.1,48.6,0.22934108820763136,7.701071123905986,1.3719700401167024e-06,9.977963928121472e-06,True
342,17Networks_RH_ContB_PFCld_1,RH,ContB,PFCld,Frontoparietal control,39.0,33.4,38.0,0.17726666210004516,5.671433359529882,4.4364689822049564e-05,0.0001491250078052086,True
343,17Networks_RH_ContB_PFCld_2,RH,ContB,PFCld,Frontoparietal control,44.6,18.9,43.5,0.1500240506484861,6.025381965440097,2.323743109453934e-05,8.937473497899746e-05,True
344,17Networks_RH_ContB_PFCld_3,RH,ContB,PFCld,Frontoparietal control,43.2,6.0,50.4,0.15485730466589043,6.162659514356022,1.8166367227121692e-05,7.354824487841595e-05,True
345,17Networks_RH_ContB_PFCld_4,RH,ContB,PFCld,Frontoparietal control,34.4,15.6,55.5,0.19546611605546085,6.50776790114893,9.895961068420413e-06,4.447622952099062e-05,True
346,17Networks_RH_ContB_PFClv_1,RH,ContB,PFClv,Frontoparietal control,35.1,37.7,-13.7,0.03835683108218357,1.9006077823141274,0.07674610792022493,0.08433638232991751,False
347,17Networks_RH_ContB_PFClv_2,RH,ContB,PFClv,Frontoparietal control,27.9,54.8,-13.5,0.1692532784963712,4.6232140469470515,0.00033138148517766503,0.000714792790250186,True
348,17Networks_RH_ContB_PFClv_3,RH,ContB,PFClv,Frontoparietal control,42.3,51.0,-6.3,0.14939210124395624,5.322082201589193,8.539262272432112e-05,0.00024932152620239746,True
349,17Networks_RH_ContB_PFClv_4,RH,ContB,PFClv,Frontoparietal control,27.5,59.2,2.8,0.18869411198622887,5.413280966927383,7.186328211208365e-05,0.00022457275660026142,True
350,17Networks_RH_ContB_PFCmp_1,RH,ContB,PFCmp,Frontoparietal control,4.8,28.3,48.1,0.05923496032184597,2.256074367914734,0.03942510146531911,0.04611122978399895,True
351,17Networks_RH_ContC_pCun_1,RH,ContC,pCun,Frontoparietal control,16.5,-63.4,27.5,0.18405865262460808,6.81944581453939,5.798427121995005e-06,3.092494465064002e-05,True
352,17Networks_RH_ContC_pCun_2,RH,ContC,pCun,Frontoparietal control,13.1,-71.5,39.0,0.20608528094803213,6.6967577063599135,7.1450247744112485e-06,3.528407296005555e-05,True
353,17Networks_RH_ContC_pCun_3,RH,ContC,pCun,Frontoparietal control,5.7,-64.0,43.6,0.20452770537274353,6.981928582750498,4.411298771099976e-06,2.4852387442816764e-05,True
354,17Networks_RH_ContC_pCun_4,RH,ContC,pCun,Frontoparietal control,7.2,-49.6,44.4,0.1855745993069921,4.997784183128111,0.00015905099580445923,0.0003976274895111481,True
355,17Networks_RH_ContC_pCun_5,RH,ContC,pCun,Frontoparietal control,8.5,-71.0,52.4,0.18007718380650958,4.8095889676814485,0.00022953108037476223,0.0005276576560339361,True
356,17Networks_RH_ContC_Cingp_1,RH,ContC,Cingp,Frontoparietal control,7.3,-43.7,19.8,0.14083499820610562,4.939150903360222,0.0001782274107124669,0.0004347010017377241,True
357,17Networks_RH_ContC_Cingp_2,RH,ContC,Cingp,Frontoparietal control,6.4,-26.3,27.9,0.18007109195162518,6.757184388409063,6.445012216911989e-06,3.273565221651495e-05,True
358,17Networks_RH_DefaultA_Temp_1,RH,DefaultA,Temp,Default mode,60.5,-7.5,-22.9,0.18008547251072213,4.839483136250452,0.00021647943921598663,0.0005063846531368108,True
359,17Networks_RH_DefaultA_IPL_1,RH,DefaultA,IPL,Default mode,53.2,-53.3,25.8,0.2830220446449554,8.457595151465446,4.312018810855207e-07,4.9314480767123795e-06,True
360,17Networks_RH_DefaultA_IPL_2,RH,DefaultA,IPL,Default mode,47.5,-64.3,41.7,0.21277166541084097,7.911984294691441,9.865193301865044e-07,8.837044553365598e-06,True
361,17Networks_RH_DefaultA_PFCd_1,RH,DefaultA,PFCd,Default mode,26.2,34.5,39.3,0.1852169419363612,5.244806251381194,9.891514075945433e-05,0.0002826146878841552,True
362,17Networks_RH_DefaultA_PFCd_2,RH,DefaultA,PFCd,Default mode,24.0,25.7,50.8,0.21426550011124265,6.762421933865739,6.38781869348911e-06,3.273565221651495e-05,True
363,17Networks_RH_DefaultA_pCunPCC_1,RH,DefaultA,pCunPCC,Default mode,5.8,-52.2,22.9,0.189368802738369,7.858759066424153,1.0715745882439266e-06,8.837044553365598e-06,True
364,17Networks_RH_DefaultA_pCunPCC_2,RH,DefaultA,pCunPCC,Default mode,4.9,-63.3,31.3,0.22539249856100096,8.238184444412445,5.988589031491566e-07,6.067380665710428e-06,True
365,17Networks_RH_DefaultA_pCunPCC_3,RH,DefaultA,pCunPCC,Default mode,6.7,-38.8,34.8,0.21416934625034595,8.526646425931391,3.893185540752648e-07,4.86648192594081e-06,True
366,17Networks_RH_DefaultA_pCunPCC_4,RH,DefaultA,pCunPCC,Default mode,4.1,-19.7,37.0,0.15853684808029256,5.840081225459786,3.2530748985246066e-05,0.00011618124637587881,True
367,17Networks_RH_DefaultA_pCunPCC_5,RH,DefaultA,pCunPCC,Default mode,9.9,-52.6,35.1,0.17783417606725546,6.440515806929231,1.112521278089732e-05,4.837049035172748e-05,True
368,17Networks_RH_DefaultA_PFCm_1,RH,DefaultA,PFCm,Default mode,5.4,40.4,-10.2,0.10204405954296572,2.0578263977836513,0.05742205822745111,0.06506748807643185,False
369,17Networks_RH_DefaultA_PFCm_2,RH,DefaultA,PFCm,Default mode,9.4,66.6,1.1,0.24836934895522314,4.661054493546496,0.00030747809560887273,0.0006757760343052148,True
370,17Networks_RH_DefaultA_PFCm_3,RH,DefaultA,PFCm,Default mode,7.6,42.0,4.2,0.2960663495300378,10.7602157679243,1.8898500819638785e-08,5.516128221106803e-07,True
371,17Networks_RH_DefaultA_PFCm_4,RH,DefaultA,PFCm,Default mode,7.4,54.0,12.8,0.12394407583700959,4.113571342611608,0.0009205852099362708,0.0016512739191681988,True
372,17Networks_RH_DefaultA_PFCm_5,RH,DefaultA,PFCm,Default mode,17.5,64.9,16.2,0.16046680820922096,7.15364728341528,3.3170534041360516e-06,2.0412636333144933e-05,True
373,17Networks_RH_DefaultA_PFCm_6,RH,DefaultA,PFCm,Default mode,5.7,24.8,18.2,0.09979391532756947,3.0858827689585246,0.007531265564968613,0.010607416288688188,True
374,17Networks_RH_DefaultB_Temp_1,RH,DefaultB,Temp,Default mode,62.9,-23.1,-7.5,0.2045842835930753,7.216560716026076,2.991015572236124e-06,1.899057506181666e-05,True
375,17Networks_RH_DefaultB_Temp_2,RH,DefaultB,Temp,Default mode,63.3,-37.6,0.2,0.21363396139779425,8.882496815718605,2.3197923777444887e-07,3.1997136244751566e-06,True
376,17Networks_RH_DefaultB_AntTemp_1,RH,DefaultB,AntTemp,Default mode,49.1,8.6,-32.8,0.21076914710873354,4.93168989424418,0.0001808332145393449,0.0004383835503984119,True
377,17Networks_RH_DefaultB_PFCd_1,RH,DefaultB,PFCd,Default mode,6.3,57.6,29.4,0.14609365599244523,5.208119046531807,0.0001060934144802633,0.00029470392911184253,True
378,17Networks_RH_DefaultB_PFCd_2,RH,DefaultB,PFCd,Default mode,16.4,52.8,35.9,0.115912586988149,3.3124048068482304,0.004736870602418992,0.006889993603518534,True
379,17Networks_RH_DefaultB_PFCd_3,RH,DefaultB,PFCd,Default mode,4.8,44.5,40.1,0.12858895136193965,4.613580401151796,0.0003377663355620143,0.0007148493874328344,True
380,17Networks_RH_DefaultB_PFCd_4,RH,DefaultB,PFCd,Default mode,13.9,39.1,52.2,0.1359329625349513,5.390775838281255,7.49807278645195e-05,0.00023070993189082924,True
381,17Networks_RH_DefaultB_PFCd_5,RH,DefaultB,PFCd,Default mode,12.0,19.7,62.8,0.22435829100708615,6.187589087788151,1.7376902642242077e-05,7.165733048347248e-05,True
382,17Networks_RH_DefaultB_PFCv_1,RH,DefaultB,PFCv,Default mode,35.0,23.0,-17.2,0.14697177899993133,4.332171232810456,0.0005922386486842654,0.001138920478238972,True
383,17Networks_RH_DefaultB_PFCv_2,RH,DefaultB,PFCv,Default mode,48.0,31.6,-7.8,0.11849487286471459,4.620636327170587,0.0003330776691273143,0.000714792790250186,True
384,17Networks_RH_DefaultB_PFCv_3,RH,DefaultB,PFCv,Default mode,53.3,23.8,6.4,0.22937340445795323,6.755338991175538,6.465291312761702e-06,3.273565221651495e-05,True
385,17Networks_RH_DefaultC_IPL_1,RH,DefaultC,IPL,Default mode,48.4,-64.1,21.7,0.20437828347573844,7.4894014970294345,1.9212345231368372e-06,1.3249893263012669e-05,True
386,17Networks_RH_DefaultC_IPL_2,RH,DefaultC,IPL,Default mode,45.4,-75.1,30.6,0.16451123975840234,5.93678522552288,2.727658558379406e-05,0.00010196854423848246,True
387,17Networks_RH_DefaultC_Rsp_1,RH,DefaultC,Rsp,Default mode,14.4,-47.1,4.2,0.0754111041024164,3.8392913583610615,0.0016087266645291923,0.002659052338064781,True
388,17Networks_RH_DefaultC_Rsp_2,RH,DefaultC,Rsp,Default mode,12.6,-54.9,15.6,0.15803754260116812,6.999282287644981,4.28524680102066e-06,2.4487124577260913e-05,True
389,17Networks_RH_DefaultC_PHC_1,RH,DefaultC,PHC,Default mode,22.4,-17.6,-26.8,0.024955726740400374,1.3530231850841852,0.19609044747731105,0.20476893795396248,False
390,17Networks_RH_DefaultC_PHC_2,RH,DefaultC,PHC,Default mode,30.6,-30.6,-17.8,0.12273039586484066,4.747993900257472,0.0002590397705774251,0.0005816325602795372,True
391,17Networks_RH_TempPar_1,RH,TempPar,nan,Temporoparietal,47.7,16.0,-20.1,0.23236975100929497,9.336728632981034,1.223069907043203e-07,1.8119554178417823e-06,True
392,17Networks_RH_TempPar_2,RH,TempPar,nan,Temporoparietal,54.8,-4.1,-14.2,0.3327301554517487,9.562098356278353,8.977017569033353e-08,1.4363228110453366e-06,True
393,17Networks_RH_TempPar_3,RH,TempPar,nan,Temporoparietal,49.0,-20.1,-7.4,0.3749683605788225,12.052756471239581,4.071086970981118e-09,2.035543485490559e-07,True
394,17Networks_RH_TempPar_4,RH,TempPar,nan,Temporoparietal,61.8,-18.6,-0.4,0.4308411997671961,15.417322776844857,1.3169676916664545e-10,3.271525246066145e-08,True
395,17Networks_RH_TempPar_5,RH,TempPar,nan,Temporoparietal,50.4,-33.1,1.5,0.4069915726662183,12.166739550293546,3.5789174983468604e-09,2.035543485490559e-07,True
396,17Networks_RH_TempPar_6,RH,TempPar,nan,Temporoparietal,59.3,-46.4,7.0,0.26890088997378436,7.85222379391438,1.0825379577872857e-06,8.837044553365598e-06,True
397,17Networks_RH_TempPar_7,RH,TempPar,nan,Temporoparietal,52.0,-40.9,12.2,0.3498797742797629,10.69581416627492,2.0477973780204676e-08,5.516128221106803e-07,True
398,17Networks_RH_TempPar_8,RH,TempPar,nan,Temporoparietal,64.4,-34.4,10.5,0.3130084199154779,14.34956831811416,3.623715530700459e-10,4.831620707600612e-08,True
399,17Networks_RH_TempPar_9,RH,TempPar,nan,Temporoparietal,54.4,-45.7,19.7,0.3249816266458559,9.611860908006086,8.390495310167582e-08,1.3984158850279304e-06,True
400,17Networks_RH_TempPar_10,RH,TempPar,nan,Temporoparietal,61.2,-39.7,21.8,0.257451964854543,7.732218998889023,1.306281014276652e-06,9.676155661308533e-06,True
