scheme,parcel
IP-IP,221_17Networks_RH_VisPeri_ExStrSup_9
IP-IP,386_17Networks_RH_DefaultC_IPL_2
IT-IT,20_17Networks_LH_VisPeri_ExStrSup_8
IT-IT,32_17Networks_LH_SomMotA_8
IT-IT,35_17Networks_LH_SomMotA_11
IT-IT,59_17Networks_LH_SomMotB_Aud_16
IT-IT,68_17Networks_LH_DorsAttnA_SPL_4
IT-IT,71_17Networks_LH_DorsAttnA_SPL_7
IT-IT,74_17Networks_LH_DorsAttnB_PostC_2
IT-IT,76_17Networks_LH_DorsAttnB_PostC_4
IT-IT,80_17Networks_LH_DorsAttnB_PostC_8
IT-IT,86_17Networks_LH_SalVentAttnA_ParOper_1
IT-IT,88_17Networks_LH_SalVentAttnA_ParOper_3
IT-IT,122_17Networks_LH_ContA_IPS_1
IT-IT,150_17Networks_LH_DefaultA_IPL_2
IT-IT,188_17Networks_LH_DefaultC_IPL_1
IT-IT,199_17Networks_LH_TempPar_5
IT-IT,220_17Networks_RH_VisPeri_ExStrSup_8
IT-IT,253_17Networks_RH_SomMotB_S2_10
IT-IT,254_17Networks_RH_SomMotB_S2_11
IT-IT,260_17Networks_RH_DorsAttnA_TempOcc_2
IT-IT,264_17Networks_RH_DorsAttnA_SPL_1
IT-IT,266_17Networks_RH_DorsAttnA_SPL_3
IT-IT,272_17Networks_RH_DorsAttnA_SPL_9
IT-IT,279_17Networks_RH_DorsAttnB_PostC_6
IT-IT,285_17Networks_RH_SalVentAttnA_ParOper_1
IT-IT,286_17Networks_RH_SalVentAttnA_ParOper_2
IT-IT,304_17Networks_RH_SalVentAttnB_IPL_1
IT-IT,345_17Networks_RH_ContB_PFCld_4
IT-IT,349_17Networks_RH_ContB_PFClv_4
IT-IT,355_17Networks_RH_ContC_pCun_5
IT-IT,356_17Networks_RH_ContC_Cingp_1
IT-IT,390_17Networks_RH_DefaultC_PHC_2
IT-IT,396_17Networks_RH_TempPar_6
