subid,cond,pmc_full,pmc_diag,pmc_ge1,pmc_ge2,pmc_ge3,pmc_ge4,pmc_ge5,pmc_ge6,pmc_ge7,pmc_ge8,pmc_ge9
sub-027,intact_pause,0.1597221923848222,0.17958482673269086,0.15751523301283682,0.1521183415542863,0.14513777762387042,0.13696902272786857,0.12459337827212924,0.11244333563089877,0.09733081641280449,0.07962430061081074,0.05413810481475475
sub-037,intact_pause,0.12948275885164592,0.13012087325779895,0.12941185725096221,0.12869843897869815,0.12841036557280158,0.12781797612921508,0.1279925149121842,0.12920089208284583,0.12567722418641772,0.12082604495029156,0.11487640269829368
sub-039,intact_pause,0.14231744050840864,0.18329860075522492,0.13776397825876238,0.12776419304285894,0.11466552006985575,0.10274169409567423,0.092435662283971,0.08540283906878257,0.07819857441835638,0.07507599634732505,0.07236037504071703
sub-045,intact_pause,0.13715687722972014,0.1649500768099418,0.13406874394302887,0.12862790137691993,0.12364353551971936,0.11868225819443853,0.11147517703840354,0.10218218131463748,0.09297386491979846,0.07527699989764582,0.054685695212270714
sub-046,intact_pause,0.029629345258112522,0.021258635765327206,0.030559424090644226,0.033126761150253675,0.03673277291172568,0.04118073042988416,0.04786358059626363,0.05824751497896236,0.06204097165740271,0.0548045651490634,0.0495430024403693
sub-055,intact_pause,0.09938304671427263,0.12212070117704366,0.09685664066285363,0.08912425246851209,0.08081579683592979,0.0712030405527693,0.06102941973937416,0.0528408970681685,0.04377308495192767,0.02803753543236273,0.019533097174257726
sub-063,intact_pause,0.1345270082059998,0.12850192645615438,0.13519646173376043,0.13445844670901524,0.13336014780495006,0.1323721261323918,0.12921247012469642,0.12859322349075644,0.12556134870542165,0.12317651134192695,0.12376709268850442
sub-065,intact_pause,0.07849233396726911,0.0902238072343281,0.07718883693759589,0.07470831000511627,0.07212454894032075,0.07165457725065993,0.06989918164592983,0.07232177058130754,0.06733711923289364,0.06465332530057928,0.06794992909295461
sub-069,intact_pause,0.08911209235552311,0.10631854760126902,0.08720026399488467,0.08429216006575023,0.08367678863879294,0.08523957903156396,0.08554486854152984,0.0855577436556691,0.07881241908409946,0.06736285566450427,0.053260324454858836
sub-070,intact_pause,0.1408958176592384,0.1565015642799159,0.13916184581249644,0.13257459353327042,0.12282235053254394,0.11176146485344376,0.10012658297287422,0.08587027755799785,0.06793747041457156,0.04810981584793668,0.025545781486736766
sub-072,intact_pause,0.01788818073958809,0.011135450665632225,0.018638484081138745,0.019462962733304473,0.02109535575719556,0.026295791444382127,0.025914147790695986,0.019974586917994207,0.00731098417210278,-0.005990468302380081,-0.0057775186141217705
sub-073,intact_pause,0.12348615041876873,0.15625664926199,0.11984498388063305,0.11262012069017513,0.10417239514103416,0.09548880455011648,0.08475343298565322,0.06494453922007938,0.04004299572444506,0.01294681114454836,-0.003597966435572021
sub-086,intact_pause,0.07265441335762009,0.07778423520240713,0.07208443315264376,0.07137213732868594,0.07001639685319588,0.06980060226541848,0.0750670127525812,0.0848641695846865,0.09707323399622848,0.09999377292391165,0.12032440633241659
sub-088,intact_pause,0.12656580574786658,0.14195648296825597,0.12485573050115667,0.11972705451477106,0.11258896925968091,0.10546605843068792,0.0987716217982048,0.09432566229321301,0.08083784982200322,0.06332853824332299,0.03243862243559024
sub-089,intact_pause,0.17313578271065067,0.20230584861328624,0.16989466427702446,0.1601643632627147,0.14680662017978774,0.1315404508081806,0.11528484549743293,0.09888494769424824,0.08165683058722092,0.06058795844200155,0.021399634662536943
sub-090,intact_pause,0.11673135023286792,0.1323330953948863,0.11499782299264369,0.11096495594935273,0.11052810676606371,0.11303979201891012,0.11322296075008435,0.11477079159866134,0.11894526423936652,0.12335560108062078,0.12139829437963373
sub-099,intact_pause,0.06487690252897786,0.08799080619731983,0.06230869101027319,0.05473822806847683,0.04469748252536497,0.03282130935758439,0.017123780634669857,0.0016846758191241891,-0.021300360338519037,-0.033619228772856787,-0.030126128333941578
sub-100,intact_pause,0.0930148935917461,0.09339232624630836,0.09297295663012807,0.09105178944438302,0.09172458504741436,0.09388728761396041,0.0945387188519892,0.09594187466263866,0.090536992950777,0.07678843192873969,0.06089309140819187
sub-103,intact_pause,0.014328730069882643,0.029670992126358108,0.012624034285829809,0.009163109912394982,0.007497836108925571,0.006826654689640955,0.0028688998857284887,-0.0023788728324865525,-0.0011996995182082166,0.012258999081992773,0.020644254728916706
sub-026,intact_tom,0.1392676911619984,0.2358226876618221,0.12853935821757356,0.10739891507215535,0.09065231277852434,0.07826304158752106,0.07270325186893449,0.06924159050430385,0.07756136600815068,0.10005857829595591,0.11332276181822447
sub-032,intact_tom,0.11964644119084611,0.20536106540434015,0.11012259405601343,0.09017647604671349,0.06966551348467333,0.04866648792691676,0.029393426674705642,0.013077278712883987,0.009312265968296929,0.01796410032940105,0.024524814028657787
sub-034,intact_tom,0.1066844845913429,0.21846707454002104,0.09426419681926755,0.06699626620378103,0.04006553097178776,0.014338878503253074,-0.0042971940673371435,-0.014826327475455425,-0.013692762511443886,-0.008857871440817707,0.005609518255845357
sub-036,intact_tom,0.04903291301005447,0.10847627268854151,0.04242809526800036,0.029440673744286376,0.019742315725534094,0.014365856477139631,0.016804720327442912,0.022679418172572654,0.03545252952931751,0.05570315650600884,0.0660407600963194
sub-038,intact_tom,0.061231775814669376,0.13704064024459015,0.0528085686557893,0.03384816043266235,0.016229488734587155,0.0028180821844721094,-0.004259390630786497,-0.007128125091153748,-0.009090944110990998,-0.01423940674788876,-0.022713186051245962
sub-048,intact_tom,0.06997826218748589,0.1905330404299765,0.05658328682720915,0.029151379944532502,0.004089512505306643,-0.019224225480699922,-0.04019135529578119,-0.059889338426370224,-0.06844596070273422,-0.06371972146756562,-0.05348785198166809
sub-049,intact_tom,0.08708579831562109,0.18884202549582066,0.07577955085115447,0.053360832097837145,0.031071548310529436,0.012950403180697083,0.0024553610207485622,-0.0018972517134243476,-0.006120099720912146,-0.0018997541883755261,-0.007234063451016626
sub-057,intact_tom,0.06467630900943071,0.1844799564008508,0.051364792632606265,0.025451444838366345,0.0052367827486220694,-0.007005075892186416,-0.013384947625799134,-0.010502068093147703,0.00378703841916345,0.018493774118764104,0.031111376396465256
sub-058,intact_tom,0.06683888492778355,0.13253085466778486,0.059539777178894505,0.04402514718091896,0.026526664863769502,0.006958339102395386,-0.008686349276175058,-0.02430955434315043,-0.04063496163133108,-0.0462476373925827,-0.053800085757493725
sub-059,intact_tom,0.09845999332926827,0.16680510807105756,0.09086609169129167,0.07517095766297152,0.059784982655073086,0.04471911998512148,0.033643511441732714,0.028841914469652848,0.0294725575261491,0.039924533392947326,0.040825939160471905
sub-060,intact_tom,0.11275253173022591,0.23631728152055598,0.09902311508685592,0.07044504741295239,0.04172166230956919,0.016457939007115067,-0.005286728594338682,-0.020553792597296557,-0.033343849410506554,-0.03158584636033723,-0.031771830112987114
sub-061,intact_tom,0.0831178256112407,0.15082389509341212,0.07559492900211055,0.05874219027140465,0.042024596421993486,0.02445437692179535,0.008290330394111489,-0.005516571427943549,-0.006689425874050172,-9.897303916811213e-05,0.004144545713073774
sub-062,intact_tom,0.1274660485288758,0.2309318568389551,0.11596984760553365,0.09271445899348618,0.0699953858036011,0.053175375602179525,0.039680280789266484,0.0319946611775954,0.02535467172065572,0.03046863513904244,0.026755403719867763
sub-075,intact_tom,0.0859866135905719,0.13374836563109427,0.08067975225273608,0.06900924594707022,0.05608346037912343,0.0452670090192918,0.03720672346796644,0.033535125897309385,0.027137836554350786,0.042676596015127695,0.05604813157839615
sub-091,intact_tom,0.11925122909141406,0.25503452869665055,0.10416419580194335,0.06951591753888992,0.032640801330774676,-0.0014511196108401897,-0.03133131289556529,-0.04997137815155296,-0.05410153540846718,-0.04220106672574947,-0.027925456349803503
sub-092,intact_tom,0.09022951453911478,0.20412057549992976,0.07757495221013533,0.05066078468618085,0.024139205174690287,0.0013057881690372683,-0.010654227399132622,-0.01606754622204002,-0.011855040657918686,0.0077521602286847084,0.023233230501339373
sub-093,intact_tom,0.08904719503975729,0.12183643159623418,0.08540394653348207,0.07456573919302058,0.06253868723230184,0.0542888284210275,0.05088988612116877,0.05054801441801922,0.048151503416548655,0.05870145245808456,0.07892629584939459
sub-095,intact_tom,0.06461505809518664,0.2042445549072026,0.04910066956051821,0.015961703520113682,-0.019534361259221426,-0.051326743333153596,-0.07535731926020998,-0.09306360141405634,-0.10076020891858059,-0.09647886201739868,-0.08393819575991626
sub-101,intact_tom,0.12076123554317142,0.23467284628899887,0.10810438990474616,0.08273115534016746,0.058953949868511275,0.04014447937234792,0.0292793711634377,0.027104291820807164,0.032626513452424476,0.05077187421912857,0.0766326011054802
sub-023,scram_pause,-0.033838900545002264,-0.02849349205417177,-0.03443283482176121,-0.03717655179813893,-0.039847177290894015,-0.04067856905983791,-0.04218024865873154,-0.046051908690506856,-0.04431846627877317,-0.03958984630910698,-0.0391951658609591
sub-024,scram_pause,0.11063354533705518,0.13615392646042934,0.10779794743445807,0.10270387754279853,0.09696044293734012,0.09277554272360578,0.09210980850265002,0.0920098556328294,0.09749566742502645,0.09983581368700356,0.08263343156763397
sub-025,scram_pause,0.06328520544566421,0.06286801925431573,0.06333155946692516,0.06298424152041532,0.06473572465305362,0.06583625087976797,0.07048982165884887,0.07745601022815628,0.08417766882979771,0.09915515723475021,0.09194937725102338
sub-031,scram_pause,0.0935935964374136,0.10212821548675194,0.09264530543193158,0.09238542170108033,0.08661555172108004,0.08239086491391563,0.07700067553569934,0.0817750297385347,0.08230148926202037,0.08140145186303047,0.0786740172429507
sub-041,scram_pause,0.005983373950559425,-0.0013309944794700262,0.006796081553896027,0.00874441928341002,0.011248112538906768,0.01600426598217382,0.023118775150243367,0.03200333740386498,0.04193930339604617,0.050064266308208934,0.06227209353612609
sub-042,scram_pause,0.07843575096018973,0.10631586229066826,0.07533796081235877,0.06864537740532745,0.05889167244608147,0.04964336812921184,0.04273365506809662,0.03832047853510103,0.038166785665598855,0.04609847410287672,0.03477656326013076
sub-043,scram_pause,0.08829508054406787,0.12782684294924798,0.08390266249904788,0.0731215915096793,0.058520508555025295,0.044726043620250865,0.029835829818504935,0.01792038846146981,0.004510678308444094,-0.014503776961008349,-0.044218781115604025
sub-047,scram_pause,0.0983877837840458,0.1184158358181312,0.09616244466914745,0.09049193252822872,0.08347129631660598,0.07475746509783249,0.06724733293281322,0.05904870684221848,0.05173953515099267,0.03109002247170247,0.0074564707738889666
sub-050,scram_pause,0.11710698960933745,0.1385322966232759,0.11472639994112209,0.11057902009752632,0.10807728399781841,0.10762338202227169,0.10629624733323399,0.10056852599197914,0.08731445161214356,0.07153410825626871,0.05385867729535977
sub-051,scram_pause,0.11940598905122478,0.10820126499509991,0.12065095839079418,0.12372434341397594,0.1247219499434293,0.12627957149847102,0.12457949309040274,0.11793514729059448,0.10758414298849456,0.0862235325228102,0.05584544903324698
sub-052,scram_pause,0.1268086479480325,0.1726557339538622,0.12171452728071813,0.10962464873679797,0.09692832565971755,0.08293536689188326,0.0666742534132913,0.0521041185142935,0.03609827203074765,0.013588647034996088,-0.004013742452902898
sub-053,scram_pause,0.07177747491267684,0.07496450194629266,0.07142336079783064,0.07367553032557071,0.07663118808548341,0.08256516950764407,0.08893064651381064,0.09719646849426879,0.10579182251880685,0.11845819059489428,0.11929628445033542
sub-067,scram_pause,0.07263679287663755,0.08588078631653338,0.07116523804998245,0.07060338946334307,0.06524952895646419,0.06091382592179508,0.05424155191426756,0.04767338082936005,0.03686545881595164,0.02075029672106663,0.0007746659731028054
sub-068,scram_pause,0.024156546448120746,0.05295108365545282,0.02095715342508385,0.017231426778849618,0.0138980718839395,0.009396574835164418,0.0024019935322470874,-0.0036742374013827607,-0.010751939735985101,-0.022201644133756946,-0.037582222625252244
sub-082,scram_pause,0.003181148016961396,-0.009024521704697861,0.004537333541590201,0.00603713573916466,0.0038282563835368923,0.0010325990286530085,-0.0023948839659512226,-0.008410376043435116,-0.017872401622293026,-0.032203295207510044,-0.033402358623852366
sub-096,scram_pause,0.010517126578522894,0.033095534456822756,0.008008414592045116,-0.0006179665790235236,-0.010611752759978095,-0.021873590143627858,-0.03458965372378663,-0.0440933266650857,-0.0530154410975728,-0.05634470179998588,-0.049356135850167224
sub-097,scram_pause,0.03156371961562192,0.05688124383657511,0.028750661368849333,0.022681239574842547,0.016784306681418074,0.008536795002562311,0.0009424808981367462,-0.003917946229897705,-0.002174378580119942,0.0021463317820382714,-0.038254501624415446
sub-098,scram_pause,0.07597997206646576,0.0754518867672411,0.07603864821082407,0.07683306972153237,0.07974901843223411,0.08326129919590347,0.08869477415424937,0.09012750271203977,0.08713158720281833,0.07047410595902838,0.052258026612747206
sub-102,scram_pause,0.12976408957132796,0.13120685120595846,0.12960378272303566,0.12887435221028046,0.12870864750439695,0.1284010394427912,0.1294884223551022,0.12845424259977165,0.1242788188075614,0.1109393651051309,0.07967681280551916
