parcel_id,full_label,hemisphere,network,subregion,x_mni,y_mni,z_mni
1,17Networks_LH_VisCent_ExStr_1,LH,VisCent,ExStr,-35.4,-62.0,-17.1
2,17Networks_LH_VisCent_ExStr_2,LH,VisCent,ExStr,-23.4,-72.7,-10.3
3,17Networks_LH_VisCent_ExStr_3,LH,VisCent,ExStr,-36.4,-81.4,-16.0
4,17Networks_LH_VisCent_ExStr_4,LH,VisCent,ExStr,-17.0,-86.4,-15.0
5,17Networks_LH_VisCent_ExStr_5,LH,VisCent,ExStr,-24.4,-96.7,-11.9
6,17Networks_LH_VisCent_ExStr_6,LH,VisCent,ExStr,-41.6,-86.4,-3.3
7,17Networks_LH_VisCent_Striate_1,LH,VisCent,Striate,-7.4,-97.3,-7.2
8,17Networks_LH_VisCent_ExStr_7,LH,VisCent,ExStr,-46.1,-73.1,6.1
9,17Networks_LH_VisCent_ExStr_8,LH,VisCent,ExStr,-24.4,-95.9,5.9
10,17Networks_LH_VisCent_ExStr_9,LH,VisCent,ExStr,-39.4,-83.7,14.1
11,17Networks_LH_VisCent_ExStr_10,LH,VisCent,ExStr,-10.9,-96.5,17.2
12,17Networks_LH_VisCent_ExStr_11,LH,VisCent,ExStr,-24.9,-84.7,21.9
13,17Networks_LH_VisPeri_ExStrInf_1,LH,VisPeri,ExStrInf,-24.5,-54.5,-8.2
14,17Networks_LH_VisPeri_ExStrInf_2,LH,VisPeri,ExStrInf,-12.2,-61.2,-4.7
15,17Networks_LH_VisPeri_ExStrInf_3,LH,VisPeri,ExStrInf,-6.7,-75.8,-5.7
16,17Networks_LH_VisPeri_ExStrInf_4,LH,VisPeri,ExStrInf,-13.4,-42.9,-5.4
17,17Networks_LH_VisPeri_ExStrInf_5,LH,VisPeri,ExStrInf,-14.1,-56.9,1.3
18,17Networks_LH_VisPeri_StriCal_1,LH,VisPeri,StriCal,-4.6,-88.4,1.8
19,17Networks_LH_VisPeri_StriCal_2,LH,VisPeri,StriCal,-7.4,-74.2,9.5
20,17Networks_LH_VisPeri_ExStrSup_1,LH,VisPeri,ExStrSup,-18.9,-64.2,7.0
21,17Networks_LH_VisPeri_ExStrSup_2,LH,VisPeri,ExStrSup,-3.0,-84.2,24.5
22,17Networks_LH_VisPeri_ExStrSup_3,LH,VisPeri,ExStrSup,-12.2,-71.0,20.5
23,17Networks_LH_VisPeri_ExStrSup_4,LH,VisPeri,ExStrSup,-16.0,-89.0,33.6
24,17Networks_LH_VisPeri_ExStrSup_5,LH,VisPeri,ExStrSup,-12.0,-80.8,36.0
25,17Networks_LH_SomMotA_1,LH,SomMotA,,-7.9,-15.3,46.9
26,17Networks_LH_SomMotA_2,LH,SomMotA,,-41.0,-14.3,48.0
27,17Networks_LH_SomMotA_3,LH,SomMotA,,-48.7,-17.4,54.2
28,17Networks_LH_SomMotA_4,LH,SomMotA,,-47.3,-29.6,58.2
29,17Networks_LH_SomMotA_5,LH,SomMotA,,-39.2,-24.8,52.9
30,17Networks_LH_SomMotA_6,LH,SomMotA,,-8.6,-37.5,53.5
31,17Networks_LH_SomMotA_7,LH,SomMotA,,-4.3,-24.8,56.2
32,17Networks_LH_SomMotA_8,LH,SomMotA,,-3.9,-8.6,59.1
33,17Networks_LH_SomMotA_9,LH,SomMotA,,-34.5,-18.3,63.6
34,17Networks_LH_SomMotA_10,LH,SomMotA,,-32.1,-28.9,62.2
35,17Networks_LH_SomMotA_11,LH,SomMotA,,-29.8,-38.3,64.8
36,17Networks_LH_SomMotA_12,LH,SomMotA,,-23.5,-10.7,64.9
37,17Networks_LH_SomMotA_13,LH,SomMotA,,-19.3,-24.3,66.5
38,17Networks_LH_SomMotA_14,LH,SomMotA,,-8.4,-41.7,70.2
39,17Networks_LH_SomMotA_15,LH,SomMotA,,-4.0,-25.7,68.6
40,17Networks_LH_SomMotA_16,LH,SomMotA,,-14.2,-11.2,72.2
41,17Networks_LH_SomMotA_17,LH,SomMotA,,-18.5,-31.0,68.7
42,17Networks_LH_SomMotA_18,LH,SomMotA,,-19.0,-40.0,71.8
43,17Networks_LH_SomMotA_19,LH,SomMotA,,-11.9,-26.8,73.3
44,17Networks_LH_SomMotB_Aud_1,LH,SomMotB,Aud,-49.8,-9.8,0.5
45,17Networks_LH_SomMotB_Aud_2,LH,SomMotB,Aud,-55.9,-21.4,7.7
46,17Networks_LH_SomMotB_Ins_1,LH,SomMotB,Ins,-36.1,-24.1,9.9
47,17Networks_LH_SomMotB_S2_1,LH,SomMotB,S2,-38.3,-9.1,12.8
48,17Networks_LH_SomMotB_S2_2,LH,SomMotB,S2,-35.7,-26.3,18.9
49,17Networks_LH_SomMotB_Aud_3,LH,SomMotB,Aud,-58.6,-37.0,15.7
50,17Networks_LH_SomMotB_Aud_4,LH,SomMotB,Aud,-41.1,-34.9,14.3
51,17Networks_LH_SomMotB_S2_3,LH,SomMotB,S2,-48.7,-12.9,14.2
52,17Networks_LH_SomMotB_S2_4,LH,SomMotB,S2,-59.6,-2.3,11.3
53,17Networks_LH_SomMotB_S2_5,LH,SomMotB,S2,-48.1,-24.2,17.8
54,17Networks_LH_SomMotB_S2_6,LH,SomMotB,S2,-60.9,-17.5,19.5
55,17Networks_LH_SomMotB_Cent_1,LH,SomMotB,Cent,-59.2,-2.2,23.7
56,17Networks_LH_SomMotB_Cent_2,LH,SomMotB,Cent,-62.4,-10.3,31.2
57,17Networks_LH_SomMotB_Cent_3,LH,SomMotB,Cent,-53.2,-9.0,30.0
58,17Networks_LH_SomMotB_Cent_4,LH,SomMotB,Cent,-50.9,-6.8,43.1
59,17Networks_LH_SomMotB_Cent_5,LH,SomMotB,Cent,-48.0,-16.3,40.2
60,17Networks_LH_DorsAttnA_TempOcc_1,LH,DorsAttnA,TempOcc,-44.9,-42.3,-21.3
61,17Networks_LH_DorsAttnA_TempOcc_2,LH,DorsAttnA,TempOcc,-32.2,-41.4,-21.0
62,17Networks_LH_DorsAttnA_TempOcc_3,LH,DorsAttnA,TempOcc,-48.7,-55.7,-15.5
63,17Networks_LH_DorsAttnA_TempOcc_4,LH,DorsAttnA,TempOcc,-45.2,-70.0,-8.3
64,17Networks_LH_DorsAttnA_ParOcc_1,LH,DorsAttnA,ParOcc,-47.9,-65.3,14.9
65,17Networks_LH_DorsAttnA_ParOcc_2,LH,DorsAttnA,ParOcc,-31.8,-84.1,27.0
66,17Networks_LH_DorsAttnA_SPL_1,LH,DorsAttnA,SPL,-26.4,-70.1,30.4
67,17Networks_LH_DorsAttnA_SPL_2,LH,DorsAttnA,SPL,-21.2,-78.6,44.7
68,17Networks_LH_DorsAttnA_SPL_3,LH,DorsAttnA,SPL,-22.7,-65.5,46.4
69,17Networks_LH_DorsAttnA_SPL_4,LH,DorsAttnA,SPL,-28.7,-58.0,50.6
70,17Networks_LH_DorsAttnA_SPL_5,LH,DorsAttnA,SPL,-35.9,-51.8,56.0
71,17Networks_LH_DorsAttnA_SPL_6,LH,DorsAttnA,SPL,-14.9,-71.1,57.0
72,17Networks_LH_DorsAttnA_SPL_7,LH,DorsAttnA,SPL,-28.2,-61.2,62.3
73,17Networks_LH_DorsAttnB_PostC_1,LH,DorsAttnB,PostC,-61.4,-23.3,32.8
74,17Networks_LH_DorsAttnB_PostC_2,LH,DorsAttnB,PostC,-54.8,-19.8,40.7
75,17Networks_LH_DorsAttnB_PostC_3,LH,DorsAttnB,PostC,-54.8,-31.3,44.4
76,17Networks_LH_DorsAttnB_PostC_4,LH,DorsAttnB,PostC,-46.2,-29.1,43.8
77,17Networks_LH_DorsAttnB_PostC_5,LH,DorsAttnB,PostC,-39.0,-37.5,49.8
78,17Networks_LH_DorsAttnB_PostC_6,LH,DorsAttnB,PostC,-30.2,-46.3,62.7
79,17Networks_LH_DorsAttnB_PostC_7,LH,DorsAttnB,PostC,-7.4,-58.5,63.1
80,17Networks_LH_DorsAttnB_PostC_8,LH,DorsAttnB,PostC,-19.7,-56.5,66.3
81,17Networks_LH_DorsAttnB_PostC_9,LH,DorsAttnB,PostC,-12.9,-50.6,71.6
82,17Networks_LH_DorsAttnB_FEF_1,LH,DorsAttnB,FEF,-40.3,-2.3,51.3
83,17Networks_LH_DorsAttnB_FEF_2,LH,DorsAttnB,FEF,-25.7,-0.5,55.2
84,17Networks_LH_DorsAttnB_FEF_3,LH,DorsAttnB,FEF,-30.0,-8.0,51.7
85,17Networks_LH_DorsAttnB_PrCv_1,LH,DorsAttnB,PrCv,-50.0,2.6,38.0
86,17Networks_LH_SalVentAttnA_ParOper_1,LH,SalVentAttnA,ParOper,-54.6,-32.0,22.2
87,17Networks_LH_SalVentAttnA_ParOper_2,LH,SalVentAttnA,ParOper,-58.0,-44.2,27.3
88,17Networks_LH_SalVentAttnA_ParOper_3,LH,SalVentAttnA,ParOper,-61.2,-36.1,33.3
89,17Networks_LH_SalVentAttnA_Ins_1,LH,SalVentAttnA,Ins,-38.7,1.9,-4.6
90,17Networks_LH_SalVentAttnA_Ins_2,LH,SalVentAttnA,Ins,-39.8,-14.4,-1.7
91,17Networks_LH_SalVentAttnA_Ins_3,LH,SalVentAttnA,Ins,-33.0,19.2,8.2
92,17Networks_LH_SalVentAttnA_Ins_4,LH,SalVentAttnA,Ins,-36.5,4.4,10.7
93,17Networks_LH_SalVentAttnA_FrOper_1,LH,SalVentAttnA,FrOper,-50.5,1.5,4.4
94,17Networks_LH_SalVentAttnA_FrOper_2,LH,SalVentAttnA,FrOper,-52.1,8.7,13.3
95,17Networks_LH_SalVentAttnA_ParMed_1,LH,SalVentAttnA,ParMed,-11.0,-27.4,41.1
96,17Networks_LH_SalVentAttnA_ParMed_2,LH,SalVentAttnA,ParMed,-12.6,-41.5,47.3
97,17Networks_LH_SalVentAttnA_ParMed_3,LH,SalVentAttnA,ParMed,-5.8,-49.1,57.0
98,17Networks_LH_SalVentAttnA_FrMed_1,LH,SalVentAttnA,FrMed,-6.5,0.8,40.5
99,17Networks_LH_SalVentAttnA_FrMed_2,LH,SalVentAttnA,FrMed,-5.3,9.3,48.4
100,17Networks_LH_SalVentAttnA_FrMed_3,LH,SalVentAttnA,FrMed,-8.5,-2.7,70.9
101,17Networks_LH_SalVentAttnB_PFCl_1,LH,SalVentAttnB,PFCl,-38.2,49.1,11.0
102,17Networks_LH_SalVentAttnB_PFCl_2,LH,SalVentAttnB,PFCl,-28.9,43.3,29.5
103,17Networks_LH_SalVentAttnB_PFCl_3,LH,SalVentAttnB,PFCl,-35.9,32.0,38.5
104,17Networks_LH_SalVentAttnB_Ins_1,LH,SalVentAttnB,Ins,-33.4,16.5,-8.3
105,17Networks_LH_SalVentAttnB_Ins_2,LH,SalVentAttnB,Ins,-32.9,24.6,-0.8
106,17Networks_LH_SalVentAttnB_Ins_3,LH,SalVentAttnB,Ins,-43.3,11.9,2.3
107,17Networks_LH_SalVentAttnB_OFC_1,LH,SalVentAttnB,OFC,-27.1,49.3,-13.7
108,17Networks_LH_SalVentAttnB_PFCmp_1,LH,SalVentAttnB,PFCmp,-6.0,21.8,31.1
109,17Networks_LH_LimbicB_OFC_1,LH,LimbicB,OFC,-12.4,24.3,-20.5
110,17Networks_LH_LimbicB_OFC_2,LH,LimbicB,OFC,-23.6,22.4,-19.7
111,17Networks_LH_LimbicB_OFC_3,LH,LimbicB,OFC,-10.6,47.3,-21.3
112,17Networks_LH_LimbicB_OFC_4,LH,LimbicB,OFC,-3.9,23.3,-18.9
113,17Networks_LH_LimbicB_OFC_5,LH,LimbicB,OFC,-15.4,64.3,-8.5
114,17Networks_LH_LimbicA_TempPole_1,LH,LimbicA,TempPole,-37.4,-5.5,-42.3
115,17Networks_LH_LimbicA_TempPole_2,LH,LimbicA,TempPole,-25.1,5.8,-38.3
116,17Networks_LH_LimbicA_TempPole_3,LH,LimbicA,TempPole,-25.6,-9.0,-32.6
117,17Networks_LH_LimbicA_TempPole_4,LH,LimbicA,TempPole,-53.8,-21.4,-31.4
118,17Networks_LH_LimbicA_TempPole_5,LH,LimbicA,TempPole,-40.1,-21.8,-26.6
119,17Networks_LH_LimbicA_TempPole_6,LH,LimbicA,TempPole,-31.5,11.5,-29.4
120,17Networks_LH_LimbicA_TempPole_7,LH,LimbicA,TempPole,-44.2,5.3,-16.2
121,17Networks_LH_ContA_Temp_1,LH,ContA,Temp,-55.1,-61.7,-0.7
122,17Networks_LH_ContA_IPS_1,LH,ContA,IPS,-28.8,-74.2,42.3
123,17Networks_LH_ContA_IPS_2,LH,ContA,IPS,-58.3,-41.6,45.6
124,17Networks_LH_ContA_IPS_3,LH,ContA,IPS,-34.4,-62.1,47.9
125,17Networks_LH_ContA_IPS_4,LH,ContA,IPS,-45.0,-41.3,46.7
126,17Networks_LH_ContA_IPS_5,LH,ContA,IPS,-33.1,-46.5,40.9
127,17Networks_LH_ContA_PFCd_1,LH,ContA,PFCd,-21.2,5.1,64.0
128,17Networks_LH_ContA_PFClv_1,LH,ContA,PFClv,-47.9,35.1,10.5
129,17Networks_LH_ContA_PFClv_2,LH,ContA,PFClv,-41.6,37.7,21.9
130,17Networks_LH_ContA_PFCl_1,LH,ContA,PFCl,-49.4,6.0,25.6
131,17Networks_LH_ContA_PFCl_2,LH,ContA,PFCl,-44.4,20.2,27.2
132,17Networks_LH_ContA_PFCl_3,LH,ContA,PFCl,-39.2,7.4,33.5
133,17Networks_LH_ContA_Cingm_1,LH,ContA,Cingm,-3.3,6.4,28.5
134,17Networks_LH_ContB_Temp_1,LH,ContB,Temp,-60.2,-36.4,-18.1
135,17Networks_LH_ContB_Temp_2,LH,ContB,Temp,-60.5,-48.9,-9.7
136,17Networks_LH_ContB_IPL_1,LH,ContB,IPL,-48.9,-59.5,46.9
137,17Networks_LH_ContB_IPL_2,LH,ContB,IPL,-53.2,-49.6,44.8
138,17Networks_LH_ContB_IPL_3,LH,ContB,IPL,-42.1,-52.2,48.6
139,17Networks_LH_ContB_PFCd_1,LH,ContB,PFCd,-29.9,13.6,57.2
140,17Networks_LH_ContB_PFClv_1,LH,ContB,PFClv,-41.9,49.1,-6.5
141,17Networks_LH_ContB_PFClv_2,LH,ContB,PFClv,-28.0,58.4,-0.7
142,17Networks_LH_ContB_PFClv_3,LH,ContB,PFClv,-27.6,56.8,13.0
143,17Networks_LH_ContB_PFCmp_1,LH,ContB,PFCmp,-3.7,28.1,47.1
144,17Networks_LH_ContC_pCun_1,LH,ContC,pCun,-10.3,-69.6,31.3
145,17Networks_LH_ContC_pCun_2,LH,ContC,pCun,-9.1,-77.1,45.3
146,17Networks_LH_ContC_pCun_3,LH,ContC,pCun,-5.0,-63.8,52.0
147,17Networks_LH_ContC_Cingp_1,LH,ContC,Cingp,-5.7,-40.6,23.3
148,17Networks_LH_ContC_Cingp_2,LH,ContC,Cingp,-4.1,-21.7,28.9
149,17Networks_LH_DefaultA_IPL_1,LH,DefaultA,IPL,-47.3,-63.6,31.3
150,17Networks_LH_DefaultA_IPL_2,LH,DefaultA,IPL,-41.4,-72.0,43.3
151,17Networks_LH_DefaultA_PFCd_1,LH,DefaultA,PFCd,-24.8,28.3,43.5
152,17Networks_LH_DefaultA_PFCd_2,LH,DefaultA,PFCd,-18.4,35.8,48.1
153,17Networks_LH_DefaultA_PFCd_3,LH,DefaultA,PFCd,-22.4,19.4,51.8
154,17Networks_LH_DefaultA_pCunPCC_1,LH,DefaultA,pCunPCC,-4.2,-53.4,20.2
155,17Networks_LH_DefaultA_pCunPCC_2,LH,DefaultA,pCunPCC,-5.3,-60.2,30.1
156,17Networks_LH_DefaultA_pCunPCC_3,LH,DefaultA,pCunPCC,-7.4,-44.3,32.0
157,17Networks_LH_DefaultA_pCunPCC_4,LH,DefaultA,pCunPCC,-4.0,-33.9,37.8
158,17Networks_LH_DefaultA_pCunPCC_5,LH,DefaultA,pCunPCC,-2.6,-15.5,37.0
159,17Networks_LH_DefaultA_pCunPCC_6,LH,DefaultA,pCunPCC,-3.0,-68.2,41.2
160,17Networks_LH_DefaultA_pCunPCC_7,LH,DefaultA,pCunPCC,-6.7,-50.9,42.8
161,17Networks_LH_DefaultA_PFCm_1,LH,DefaultA,PFCm,-4.7,55.1,-10.1
162,17Networks_LH_DefaultA_PFCm_2,LH,DefaultA,PFCm,-5.9,34.9,-8.8
163,17Networks_LH_DefaultA_PFCm_3,LH,DefaultA,PFCm,-6.4,59.2,6.5
164,17Networks_LH_DefaultA_PFCm_4,LH,DefaultA,PFCm,-6.1,44.7,5.9
165,17Networks_LH_DefaultA_PFCm_5,LH,DefaultA,PFCm,-16.1,67.0,8.4
166,17Networks_LH_DefaultA_PFCm_6,LH,DefaultA,PFCm,-5.4,33.7,20.4
167,17Networks_LH_DefaultB_Temp_1,LH,DefaultB,Temp,-43.3,12.9,-33.3
168,17Networks_LH_DefaultB_Temp_2,LH,DefaultB,Temp,-53.9,-1.6,-29.3
169,17Networks_LH_DefaultB_Temp_3,LH,DefaultB,Temp,-61.5,-17.6,-20.5
170,17Networks_LH_DefaultB_Temp_4,LH,DefaultB,Temp,-57.0,-8.9,-13.9
171,17Networks_LH_DefaultB_Temp_5,LH,DefaultB,Temp,-60.6,-34.7,-3.2
172,17Networks_LH_DefaultB_Temp_6,LH,DefaultB,Temp,-52.4,-22.6,-5.2
173,17Networks_LH_DefaultB_IPL_1,LH,DefaultB,IPL,-45.7,-59.0,21.1
174,17Networks_LH_DefaultB_IPL_2,LH,DefaultB,IPL,-56.5,-54.6,29.7
175,17Networks_LH_DefaultB_PFCd_1,LH,DefaultB,PFCd,-4.2,51.4,27.9
176,17Networks_LH_DefaultB_PFCd_2,LH,DefaultB,PFCd,-13.8,57.5,30.9
177,17Networks_LH_DefaultB_PFCd_3,LH,DefaultB,PFCd,-21.9,50.2,31.3
178,17Networks_LH_DefaultB_PFCd_4,LH,DefaultB,PFCd,-7.9,42.7,51.2
179,17Networks_LH_DefaultB_PFCd_5,LH,DefaultB,PFCd,-12.5,24.2,61.1
180,17Networks_LH_DefaultB_PFCd_6,LH,DefaultB,PFCd,-6.5,10.4,64.4
181,17Networks_LH_DefaultB_PFCl_1,LH,DefaultB,PFCl,-41.3,19.0,47.8
182,17Networks_LH_DefaultB_PFCl_2,LH,DefaultB,PFCl,-41.6,7.1,48.6
183,17Networks_LH_DefaultB_PFCv_1,LH,DefaultB,PFCv,-35.6,22.3,-15.5
184,17Networks_LH_DefaultB_PFCv_2,LH,DefaultB,PFCv,-35.9,36.9,-13.0
185,17Networks_LH_DefaultB_PFCv_3,LH,DefaultB,PFCv,-46.2,31.6,-10.3
186,17Networks_LH_DefaultB_PFCv_4,LH,DefaultB,PFCv,-47.7,28.3,0.5
187,17Networks_LH_DefaultB_PFCv_5,LH,DefaultB,PFCv,-53.0,19.2,11.5
188,17Networks_LH_DefaultC_IPL_1,LH,DefaultC,IPL,-40.4,-78.5,30.2
189,17Networks_LH_DefaultC_Rsp_1,LH,DefaultC,Rsp,-13.5,-48.9,4.0
190,17Networks_LH_DefaultC_Rsp_2,LH,DefaultC,Rsp,-8.0,-51.9,9.2
191,17Networks_LH_DefaultC_Rsp_3,LH,DefaultC,Rsp,-13.0,-60.7,18.6
192,17Networks_LH_DefaultC_PHC_1,LH,DefaultC,PHC,-21.0,-20.7,-25.6
193,17Networks_LH_DefaultC_PHC_2,LH,DefaultC,PHC,-30.1,-32.6,-18.0
194,17Networks_LH_DefaultC_PHC_3,LH,DefaultC,PHC,-18.6,-37.3,-11.8
195,17Networks_LH_TempPar_1,LH,TempPar,,-52.8,6.2,-11.6
196,17Networks_LH_TempPar_2,LH,TempPar,,-60.5,-12.6,-2.7
197,17Networks_LH_TempPar_3,LH,TempPar,,-61.7,-31.9,5.0
198,17Networks_LH_TempPar_4,LH,TempPar,,-52.6,-43.0,5.1
199,17Networks_LH_TempPar_5,LH,TempPar,,-56.6,-53.7,10.0
200,17Networks_LH_TempPar_6,LH,TempPar,,-58.5,-49.0,16.2
201,17Networks_RH_VisCent_ExStr_1,RH,VisCent,ExStr,35.4,-53.7,-17.3
202,17Networks_RH_VisCent_ExStr_2,RH,VisCent,ExStr,37.1,-73.3,-15.4
203,17Networks_RH_VisCent_ExStr_3,RH,VisCent,ExStr,23.1,-73.6,-10.7
204,17Networks_RH_VisCent_ExStr_4,RH,VisCent,ExStr,19.3,-88.0,-12.5
205,17Networks_RH_VisCent_ExStr_5,RH,VisCent,ExStr,42.3,-83.6,-12.2
206,17Networks_RH_VisCent_ExStr_6,RH,VisCent,ExStr,25.2,-96.5,-9.9
207,17Networks_RH_VisCent_Striate_1,RH,VisCent,Striate,8.4,-92.1,-1.6
208,17Networks_RH_VisCent_ExStr_7,RH,VisCent,ExStr,35.4,-88.7,2.1
209,17Networks_RH_VisCent_ExStr_8,RH,VisCent,ExStr,23.6,-98.8,7.4
210,17Networks_RH_VisCent_ExStr_9,RH,VisCent,ExStr,43.8,-78.8,10.4
211,17Networks_RH_VisCent_ExStr_10,RH,VisCent,ExStr,12.7,-94.1,18.8
212,17Networks_RH_VisCent_ExStr_11,RH,VisCent,ExStr,27.1,-87.1,20.7
213,17Networks_RH_VisPeri_ExStrInf_1,RH,VisPeri,ExStrInf,26.1,-51.9,-8.8
214,17Networks_RH_VisPeri_ExStrInf_2,RH,VisPeri,ExStrInf,18.2,-35.9,-12.5
215,17Networks_RH_VisPeri_ExStrInf_3,RH,VisPeri,ExStrInf,9.2,-72.2,-4.8
216,17Networks_RH_VisPeri_ExStrInf_4,RH,VisPeri,ExStrInf,12.9,-57.4,-3.4
217,17Networks_RH_VisPeri_ExStrInf_5,RH,VisPeri,ExStrInf,17.9,-44.7,-2.7
218,17Networks_RH_VisPeri_StriCal_1,RH,VisPeri,StriCal,9.0,-73.4,8.3
219,17Networks_RH_VisPeri_StriCal_2,RH,VisPeri,StriCal,21.6,-59.5,5.8
220,17Networks_RH_VisPeri_ExStrSup_1,RH,VisPeri,ExStrSup,15.8,-66.0,18.8
221,17Networks_RH_VisPeri_ExStrSup_2,RH,VisPeri,ExStrSup,5.0,-80.0,23.3
222,17Networks_RH_VisPeri_ExStrSup_3,RH,VisPeri,ExStrSup,14.3,-77.4,33.7
223,17Networks_RH_VisPeri_ExStrSup_4,RH,VisPeri,ExStrSup,16.2,-86.8,36.6
224,17Networks_RH_SomMotA_1,RH,SomMotA,,54.6,-16.8,40.2
225,17Networks_RH_SomMotA_2,RH,SomMotA,,52.3,-12.8,49.2
226,17Networks_RH_SomMotA_3,RH,SomMotA,,44.1,-10.8,48.2
227,17Networks_RH_SomMotA_4,RH,SomMotA,,49.1,-25.5,55.8
228,17Networks_RH_SomMotA_5,RH,SomMotA,,6.9,-10.0,51.3
229,17Networks_RH_SomMotA_6,RH,SomMotA,,42.4,-21.1,54.7
230,17Networks_RH_SomMotA_7,RH,SomMotA,,36.4,-18.2,63.3
231,17Networks_RH_SomMotA_8,RH,SomMotA,,32.4,-34.1,63.1
232,17Networks_RH_SomMotA_9,RH,SomMotA,,31.0,-40.6,64.0
233,17Networks_RH_SomMotA_10,RH,SomMotA,,34.1,-27.2,61.0
234,17Networks_RH_SomMotA_11,RH,SomMotA,,4.4,-24.7,58.4
235,17Networks_RH_SomMotA_12,RH,SomMotA,,28.7,-10.9,64.8
236,17Networks_RH_SomMotA_13,RH,SomMotA,,9.2,-40.1,68.0
237,17Networks_RH_SomMotA_14,RH,SomMotA,,21.2,-24.4,66.0
238,17Networks_RH_SomMotA_15,RH,SomMotA,,22.2,-28.9,67.9
239,17Networks_RH_SomMotA_16,RH,SomMotA,,22.3,-35.0,70.4
240,17Networks_RH_SomMotA_17,RH,SomMotA,,16.8,-6.2,69.5
241,17Networks_RH_SomMotA_18,RH,SomMotA,,5.5,-22.0,71.7
242,17Networks_RH_SomMotA_19,RH,SomMotA,,16.3,-18.4,72.6
243,17Networks_RH_SomMotA_20,RH,SomMotA,,12.8,-32.9,75.6
244,17Networks_RH_SomMotB_Aud_1,RH,SomMotB,Aud,53.1,2.6,-5.6
245,17Networks_RH_SomMotB_Aud_2,RH,SomMotB,Aud,53.5,-13.7,5.7
246,17Networks_RH_SomMotB_Ins_1,RH,SomMotB,Ins,39.8,-18.4,4.8
247,17Networks_RH_SomMotB_S2_1,RH,SomMotB,S2,37.9,-7.9,13.8
248,17Networks_RH_SomMotB_S2_2,RH,SomMotB,S2,34.8,-21.5,14.3
249,17Networks_RH_SomMotB_Aud_3,RH,SomMotB,Aud,60.1,-23.7,10.8
250,17Networks_RH_SomMotB_S2_3,RH,SomMotB,S2,40.9,-13.1,18.2
251,17Networks_RH_SomMotB_S2_4,RH,SomMotB,S2,41.5,-28.9,18.0
252,17Networks_RH_SomMotB_S2_5,RH,SomMotB,S2,49.5,-10.0,12.9
253,17Networks_RH_SomMotB_S2_6,RH,SomMotB,S2,59.2,0.7,10.4
254,17Networks_RH_SomMotB_S2_7,RH,SomMotB,S2,49.0,-21.3,18.5
255,17Networks_RH_SomMotB_S2_8,RH,SomMotB,S2,61.8,-11.5,15.3
256,17Networks_RH_SomMotB_Cent_1,RH,SomMotB,Cent,60.7,6.4,29.3
257,17Networks_RH_SomMotB_Cent_2,RH,SomMotB,Cent,59.2,-5.3,27.2
258,17Networks_RH_SomMotB_Cent_3,RH,SomMotB,Cent,51.5,-6.4,37.2
259,17Networks_RH_DorsAttnA_TempOcc_1,RH,DorsAttnA,TempOcc,33.5,-36.5,-22.9
260,17Networks_RH_DorsAttnA_TempOcc_2,RH,DorsAttnA,TempOcc,49.8,-49.3,-18.1
261,17Networks_RH_DorsAttnA_TempOcc_3,RH,DorsAttnA,TempOcc,50.1,-64.5,-9.3
262,17Networks_RH_DorsAttnA_ParOcc_1,RH,DorsAttnA,ParOcc,48.6,-65.7,4.3
263,17Networks_RH_DorsAttnA_ParOcc_2,RH,DorsAttnA,ParOcc,53.7,-55.6,12.4
264,17Networks_RH_DorsAttnA_ParOcc_3,RH,DorsAttnA,ParOcc,35.6,-79.3,24.2
265,17Networks_RH_DorsAttnA_SPL_1,RH,DorsAttnA,SPL,28.9,-77.8,36.7
266,17Networks_RH_DorsAttnA_SPL_2,RH,DorsAttnA,SPL,31.6,-66.5,35.4
267,17Networks_RH_DorsAttnA_SPL_3,RH,DorsAttnA,SPL,18.6,-79.0,50.2
268,17Networks_RH_DorsAttnA_SPL_4,RH,DorsAttnA,SPL,30.9,-63.8,53.0
269,17Networks_RH_DorsAttnA_SPL_5,RH,DorsAttnA,SPL,20.9,-68.6,52.9
270,17Networks_RH_DorsAttnA_SPL_6,RH,DorsAttnA,SPL,34.0,-50.6,54.3
271,17Networks_RH_DorsAttnA_SPL_7,RH,DorsAttnA,SPL,26.7,-58.1,60.7
272,17Networks_RH_DorsAttnA_SPL_8,RH,DorsAttnA,SPL,13.5,-64.0,64.8
273,17Networks_RH_DorsAttnB_TempOcc_1,RH,DorsAttnB,TempOcc,59.3,-54.6,-2.6
274,17Networks_RH_DorsAttnB_PostC_1,RH,DorsAttnB,PostC,61.2,-14.2,30.2
275,17Networks_RH_DorsAttnB_PostC_2,RH,DorsAttnB,PostC,57.2,-22.5,44.0
276,17Networks_RH_DorsAttnB_PostC_3,RH,DorsAttnB,PostC,43.6,-37.6,50.0
277,17Networks_RH_DorsAttnB_PostC_4,RH,DorsAttnB,PostC,45.2,-28.2,42.9
278,17Networks_RH_DorsAttnB_PostC_5,RH,DorsAttnB,PostC,35.8,-36.0,51.5
279,17Networks_RH_DorsAttnB_PostC_6,RH,DorsAttnB,PostC,7.4,-53.7,59.8
280,17Networks_RH_DorsAttnB_PostC_7,RH,DorsAttnB,PostC,24.4,-50.0,68.2
281,17Networks_RH_DorsAttnB_PostC_8,RH,DorsAttnB,PostC,16.1,-46.7,73.7
282,17Networks_RH_DorsAttnB_FEF_1,RH,DorsAttnB,FEF,39.5,-3.1,52.9
283,17Networks_RH_DorsAttnB_FEF_2,RH,DorsAttnB,FEF,27.6,-3.6,52.2
284,17Networks_RH_DorsAttnB_FEF_3,RH,DorsAttnB,FEF,24.8,-3.1,63.8
285,17Networks_RH_SalVentAttnA_ParOper_1,RH,SalVentAttnA,ParOper,57.9,-30.9,24.3
286,17Networks_RH_SalVentAttnA_ParOper_2,RH,SalVentAttnA,ParOper,60.4,-21.9,22.5
287,17Networks_RH_SalVentAttnA_ParOper_3,RH,SalVentAttnA,ParOper,62.6,-25.8,38.0
288,17Networks_RH_SalVentAttnA_PrC_1,RH,SalVentAttnA,PrC,51.0,3.4,40.8
289,17Networks_RH_SalVentAttnA_Ins_1,RH,SalVentAttnA,Ins,40.5,5.0,-15.5
290,17Networks_RH_SalVentAttnA_Ins_2,RH,SalVentAttnA,Ins,40.5,8.7,-2.8
291,17Networks_RH_SalVentAttnA_Ins_3,RH,SalVentAttnA,Ins,40.2,-10.6,-4.2
292,17Networks_RH_SalVentAttnA_Ins_4,RH,SalVentAttnA,Ins,39.2,-1.5,5.5
293,17Networks_RH_SalVentAttnA_FrOper_1,RH,SalVentAttnA,FrOper,38.4,7.0,10.5
294,17Networks_RH_SalVentAttnA_FrOper_2,RH,SalVentAttnA,FrOper,49.5,4.9,3.6
295,17Networks_RH_SalVentAttnA_FrOper_3,RH,SalVentAttnA,FrOper,53.8,11.9,11.7
296,17Networks_RH_SalVentAttnA_FrMed_1,RH,SalVentAttnA,FrMed,7.6,2.3,43.2
297,17Networks_RH_SalVentAttnA_ParMed_1,RH,SalVentAttnA,ParMed,11.1,-17.0,41.3
298,17Networks_RH_SalVentAttnA_ParMed_2,RH,SalVentAttnA,ParMed,11.4,-33.5,42.5
299,17Networks_RH_SalVentAttnA_FrMed_2,RH,SalVentAttnA,FrMed,5.7,10.6,57.5
300,17Networks_RH_SalVentAttnA_ParMed_3,RH,SalVentAttnA,ParMed,10.2,-43.2,53.4
301,17Networks_RH_SalVentAttnA_ParMed_4,RH,SalVentAttnA,ParMed,10.6,-32.3,50.6
302,17Networks_RH_SalVentAttnA_FrMed_3,RH,SalVentAttnA,FrMed,6.8,-1.6,66.6
303,17Networks_RH_SalVentAttnA_FrMed_4,RH,SalVentAttnA,FrMed,16.2,6.6,69.3
304,17Networks_RH_SalVentAttnB_IPL_1,RH,SalVentAttnB,IPL,62.1,-37.4,37.0
305,17Networks_RH_SalVentAttnB_PFClv_1,RH,SalVentAttnB,PFClv,49.0,39.9,5.0
306,17Networks_RH_SalVentAttnB_PFCl_1,RH,SalVentAttnB,PFCl,41.7,45.9,14.3
307,17Networks_RH_SalVentAttnB_PFCl_2,RH,SalVentAttnB,PFCl,25.3,54.1,24.8
308,17Networks_RH_SalVentAttnB_PFCl_3,RH,SalVentAttnB,PFCl,32.4,44.7,28.4
309,17Networks_RH_SalVentAttnB_Ins_1,RH,SalVentAttnB,Ins,33.9,21.1,-7.7
310,17Networks_RH_SalVentAttnB_Ins_2,RH,SalVentAttnB,Ins,37.2,22.6,4.7
311,17Networks_RH_SalVentAttnB_PFCmp_1,RH,SalVentAttnB,PFCmp,7.5,34.9,25.2
312,17Networks_RH_SalVentAttnB_PFCmp_2,RH,SalVentAttnB,PFCmp,7.3,18.6,35.5
313,17Networks_RH_LimbicB_OFC_1,RH,LimbicB,OFC,13.2,23.3,-20.5
314,17Networks_RH_LimbicB_OFC_2,RH,LimbicB,OFC,23.1,22.3,-20.3
315,17Networks_RH_LimbicB_OFC_3,RH,LimbicB,OFC,7.8,46.8,-23.3
316,17Networks_RH_LimbicB_OFC_4,RH,LimbicB,OFC,20.0,43.0,-18.2
317,17Networks_RH_LimbicB_OFC_5,RH,LimbicB,OFC,4.8,21.8,-20.6
318,17Networks_RH_LimbicB_OFC_6,RH,LimbicB,OFC,9.4,62.6,-14.4
319,17Networks_RH_LimbicA_TempPole_1,RH,LimbicA,TempPole,27.8,-1.3,-40.1
320,17Networks_RH_LimbicA_TempPole_2,RH,LimbicA,TempPole,48.8,-6.5,-39.2
321,17Networks_RH_LimbicA_TempPole_3,RH,LimbicA,TempPole,36.7,16.6,-37.0
322,17Networks_RH_LimbicA_TempPole_4,RH,LimbicA,TempPole,39.4,-14.8,-31.2
323,17Networks_RH_LimbicA_TempPole_5,RH,LimbicA,TempPole,28.6,11.8,-30.4
324,17Networks_RH_LimbicA_TempPole_6,RH,LimbicA,TempPole,50.0,-27.7,-25.9
325,17Networks_RH_ContA_IPS_1,RH,ContA,IPS,35.1,-70.7,46.7
326,17Networks_RH_ContA_IPS_2,RH,ContA,IPS,53.9,-33.2,51.2
327,17Networks_RH_ContA_IPS_3,RH,ContA,IPS,46.8,-44.1,46.7
328,17Networks_RH_ContA_IPS_4,RH,ContA,IPS,36.4,-44.8,45.2
329,17Networks_RH_ContA_PFCd_1,RH,ContA,PFCd,24.3,9.9,57.9
330,17Networks_RH_ContA_PFCl_1,RH,ContA,PFCl,49.1,30.3,18.3
331,17Networks_RH_ContA_PFCl_2,RH,ContA,PFCl,48.3,18.1,23.6
332,17Networks_RH_ContA_PFCl_3,RH,ContA,PFCl,47.3,28.9,28.0
333,17Networks_RH_ContA_PFCl_4,RH,ContA,PFCl,49.0,8.2,24.7
334,17Networks_RH_ContA_PFCl_5,RH,ContA,PFCl,39.3,10.7,33.8
335,17Networks_RH_ContA_Cingm_1,RH,ContA,Cingm,4.8,1.4,30.3
336,17Networks_RH_ContB_Temp_1,RH,ContB,Temp,61.7,-28.7,-19.8
337,17Networks_RH_ContB_Temp_2,RH,ContB,Temp,63.3,-42.2,-10.6
338,17Networks_RH_ContB_IPL_1,RH,ContB,IPL,56.1,-45.4,32.3
339,17Networks_RH_ContB_IPL_2,RH,ContB,IPL,54.6,-52.8,44.5
340,17Networks_RH_ContB_IPL_3,RH,ContB,IPL,55.6,-40.9,47.4
341,17Networks_RH_ContB_IPL_4,RH,ContB,IPL,40.9,-55.1,48.6
342,17Networks_RH_ContB_PFCld_1,RH,ContB,PFCld,39.0,33.4,38.0
343,17Networks_RH_ContB_PFCld_2,RH,ContB,PFCld,44.6,18.9,43.5
344,17Networks_RH_ContB_PFCld_3,RH,ContB,PFCld,43.2,6.0,50.4
345,17Networks_RH_ContB_PFCld_4,RH,ContB,PFCld,34.4,15.6,55.5
346,17Networks_RH_ContB_PFClv_1,RH,ContB,PFClv,35.1,37.7,-13.7
347,17Networks_RH_ContB_PFClv_2,RH,ContB,PFClv,27.9,54.8,-13.5
348,17Networks_RH_ContB_PFClv_3,RH,ContB,PFClv,42.3,51.0,-6.3
349,17Networks_RH_ContB_PFClv_4,RH,ContB,PFClv,27.5,59.2,2.8
350,17Networks_RH_ContB_PFCmp_1,RH,ContB,PFCmp,4.8,28.3,48.1
351,17Networks_RH_ContC_pCun_1,RH,ContC,pCun,16.5,-63.4,27.5
352,17Networks_RH_ContC_pCun_2,RH,ContC,pCun,13.1,-71.5,39.0
353,17Networks_RH_ContC_pCun_3,RH,ContC,pCun,5.7,-64.0,43.6
354,17Networks_RH_ContC_pCun_4,RH,ContC,pCun,7.2,-49.6,44.4
355,17Networks_RH_ContC_pCun_5,RH,ContC,pCun,8.5,-71.0,52.4
356,17Networks_RH_ContC_Cingp_1,RH,ContC,Cingp,7.3,-43.7,19.8
357,17Networks_RH_ContC_Cingp_2,RH,ContC,Cingp,6.4,-26.3,27.9
358,17Networks_RH_DefaultA_Temp_1,RH,DefaultA,Temp,60.5,-7.5,-22.9
359,17Networks_RH_DefaultA_IPL_1,RH,DefaultA,IPL,53.2,-53.3,25.8
360,17Networks_RH_DefaultA_IPL_2,RH,DefaultA,IPL,47.5,-64.3,41.7
361,17Networks_RH_DefaultA_PFCd_1,RH,DefaultA,PFCd,26.2,34.5,39.3
362,17Networks_RH_DefaultA_PFCd_2,RH,DefaultA,PFCd,24.0,25.7,50.8
363,17Networks_RH_DefaultA_pCunPCC_1,RH,DefaultA,pCunPCC,5.8,-52.2,22.9
364,17Networks_RH_DefaultA_pCunPCC_2,RH,DefaultA,pCunPCC,4.9,-63.3,31.3
365,17Networks_RH_DefaultA_pCunPCC_3,RH,DefaultA,pCunPCC,6.7,-38.8,34.8
366,17Networks_RH_DefaultA_pCunPCC_4,RH,DefaultA,pCunPCC,4.1,-19.7,37.0
367,17Networks_RH_DefaultA_pCunPCC_5,RH,DefaultA,pCunPCC,9.9,-52.6,35.1
368,17Networks_RH_DefaultA_PFCm_1,RH,DefaultA,PFCm,5.4,40.4,-10.2
369,17Networks_RH_DefaultA_PFCm_2,RH,DefaultA,PFCm,9.4,66.6,1.1
370,17Networks_RH_DefaultA_PFCm_3,RH,DefaultA,PFCm,7.6,42.0,4.2
371,17Networks_RH_DefaultA_PFCm_4,RH,DefaultA,PFCm,7.4,54.0,12.8
372,17Networks_RH_DefaultA_PFCm_5,RH,DefaultA,PFCm,17.5,64.9,16.2
373,17Networks_RH_DefaultA_PFCm_6,RH,DefaultA,PFCm,5.7,24.8,18.2
374,17Networks_RH_DefaultB_Temp_1,RH,DefaultB,Temp,62.9,-23.1,-7.5
375,17Networks_RH_DefaultB_Temp_2,RH,DefaultB,Temp,63.3,-37.6,0.2
376,17Networks_RH_DefaultB_AntTemp_1,RH,DefaultB,AntTemp,49.1,8.6,-32.8
377,17Networks_RH_DefaultB_PFCd_1,RH,DefaultB,PFCd,6.3,57.6,29.4
378,17Networks_RH_DefaultB_PFCd_2,RH,DefaultB,PFCd,16.4,52.8,35.9
379,17Networks_RH_DefaultB_PFCd_3,RH,DefaultB,PFCd,4.8,44.5,40.1
380,17Networks_RH_DefaultB_PFCd_4,RH,DefaultB,PFCd,13.9,39.1,52.2
381,17Networks_RH_DefaultB_PFCd_5,RH,DefaultB,PFCd,12.0,19.7,62.8
382,17Networks_RH_DefaultB_PFCv_1,RH,DefaultB,PFCv,35.0,23.0,-17.2
383,17Networks_RH_DefaultB_PFCv_2,RH,DefaultB,PFCv,48.0,31.6,-7.8
384,17Networks_RH_DefaultB_PFCv_3,RH,DefaultB,PFCv,53.3,23.8,6.4
385,17Networks_RH_DefaultC_IPL_1,RH,DefaultC,IPL,48.4,-64.1,21.7
386,17Networks_RH_DefaultC_IPL_2,RH,DefaultC,IPL,45.4,-75.1,30.6
387,17Networks_RH_DefaultC_Rsp_1,RH,DefaultC,Rsp,14.4,-47.1,4.2
388,17Networks_RH_DefaultC_Rsp_2,RH,DefaultC,Rsp,12.6,-54.9,15.6
389,17Networks_RH_DefaultC_PHC_1,RH,DefaultC,PHC,22.4,-17.6,-26.8
390,17Networks_RH_DefaultC_PHC_2,RH,DefaultC,PHC,30.6,-30.6,-17.8
391,17Networks_RH_TempPar_1,RH,TempPar,,47.7,16.0,-20.1
392,17Networks_RH_TempPar_2,RH,TempPar,,54.8,-4.1,-14.2
393,17Networks_RH_TempPar_3,RH,TempPar,,49.0,-20.1,-7.4
394,17Networks_RH_TempPar_4,RH,TempPar,,61.8,-18.6,-0.4
395,17Networks_RH_TempPar_5,RH,TempPar,,50.4,-33.1,1.5
396,17Networks_RH_TempPar_6,RH,TempPar,,59.3,-46.4,7.0
397,17Networks_RH_TempPar_7,RH,TempPar,,52.0,-40.9,12.2
398,17Networks_RH_TempPar_8,RH,TempPar,,64.4,-34.4,10.5
399,17Networks_RH_TempPar_9,RH,TempPar,,54.4,-45.7,19.7
400,17Networks_RH_TempPar_10,RH,TempPar,,61.2,-39.7,21.8
