parcel_id,hemi,network,system,x,y,z,scheme,slope,t,p_perm,p_FDR
221,RH,VisPeri,Visual,5.0,-80.0,23.3,IP-IP,-0.0041048484191582,-4.426174693590037,0.0003999600039996,0.03999600039996
22,LH,VisPeri,Visual,-12.2,-71.0,20.5,IP-IP,-0.0043051561825106,-3.7612012225562217,9.999000099990002e-05,0.019998000199980003
145,LH,ContC,Frontoparietal control,-9.1,-77.1,45.3,IP-IP,-0.0056350273051682,-3.462869724180396,9.999000099990002e-05,0.019998000199980003
385,RH,DefaultC,Default mode,48.4,-64.1,21.7,IP-IP,-0.0033682228811101,-2.800118433359448,0.0001999800019998,0.02666400026664
354,RH,ContC,Frontoparietal control,7.2,-49.6,44.4,IP-IP,-0.003892683211518,-2.334068043047496,0.0004999500049995,0.03999600039996
188,LH,DefaultC,Default mode,-40.4,-78.5,30.2,IT-IP,-0.0058156923953375,-5.031365152813872,9.999000099990002e-05,0.0057137143428514295
342,RH,ContB,Frontoparietal control,39.0,33.4,38.0,IT-IP,-0.0038855186980274,-4.6408883475746885,0.0004999500049995,0.0111100001111
86,LH,SalVentAttnA,Salience / ventral attention,-54.6,-32.0,22.2,IT-IP,-0.002710990604872,-3.666153125191262,0.0001999800019998,0.00666600006666
346,RH,ContB,Frontoparietal control,35.1,37.7,-13.7,IT-IP,-0.0038209130814496,-3.648085586292172,0.0002999700029997,0.007499250074992499
191,LH,DefaultC,Default mode,-13.0,-60.7,18.6,IT-IP,-0.0034880575991696,-3.5728030260643444,0.0006999300069993,0.013998600139986
254,RH,SomMotB,Somatomotor,49.0,-21.3,18.5,IT-IP,-0.0029813375593093,-3.566592648658781,9.999000099990002e-05,0.0057137143428514295
187,LH,DefaultB,Default mode,-53.0,19.2,11.5,IT-IP,-0.0026981200978746,-3.514461133419161,0.0002999700029997,0.007499250074992499
398,RH,TempPar,Temporoparietal,64.4,-34.4,10.5,IT-IP,-0.0026422820865119,-3.2925500762664357,0.0001999800019998,0.00666600006666
45,LH,SomMotB,Somatomotor,-55.9,-21.4,7.7,IT-IP,-0.0024320566928885,-3.2717835532809096,9.999000099990002e-05,0.0057137143428514295
397,RH,TempPar,Temporoparietal,52.0,-40.9,12.2,IT-IP,-0.0036793265882831,-3.180982056647974,9.999000099990002e-05,0.0057137143428514295
21,LH,VisPeri,Visual,-3.0,-84.2,24.5,IT-IP,-0.0031865332731708,-3.044726586418362,0.0001999800019998,0.00666600006666
251,RH,SomMotB,Somatomotor,41.5,-28.9,18.0,IT-IP,-0.0035253223629161,-3.012165544992239,9.999000099990002e-05,0.0057137143428514295
48,LH,SomMotB,Somatomotor,-35.7,-26.3,18.9,IT-IP,-0.0026349070230756,-2.8340557061695413,9.999000099990002e-05,0.0057137143428514295
227,RH,SomMotA,Somatomotor,49.1,-25.5,55.8,IT-IP,-0.0028645211143497,-2.80390975901227,0.0034996500349965,0.046662000466619995
121,LH,ContA,Frontoparietal control,-55.1,-61.7,-0.7,IT-IP,-0.0034415979596128,-2.6525447166290266,9.999000099990002e-05,0.0057137143428514295
197,LH,TempPar,Temporoparietal,-61.7,-31.9,5.0,IT-IP,-0.0027085797746716,-2.6483969772971423,0.0005999400059994,0.012630315915776841
245,RH,SomMotB,Somatomotor,53.5,-13.7,5.7,IT-IP,-0.0019143028848346,-2.420962857475742,0.0010998900109989,0.01999800019998
160,LH,DefaultA,Default mode,-6.7,-50.9,42.8,IT-IP,-0.0028876619599464,-2.3938759726589045,0.0012998700129987,0.021664500216645
179,LH,DefaultB,Default mode,-12.5,24.2,61.1,IT-IP,-0.0025405027184487,-2.3052519589076828,0.0028997100289971,0.041424428985672855
53,LH,SomMotB,Somatomotor,-48.1,-24.2,17.8,IT-IP,-0.0027267386690569,-2.2856481467321967,0.0002999700029997,0.007499250074992499
286,RH,SalVentAttnA,Salience / ventral attention,60.4,-21.9,22.5,IT-IP,-0.0021946299752931,-2.1942806793188376,0.0007999200079992,0.015236571580937143
390,RH,DefaultC,Default mode,30.6,-30.6,-17.8,IT-IT,-0.0025573519967122,-4.287893397359558,0.0017998200179982,0.0287971202879712
72,LH,DorsAttnA,Dorsal attention,-28.2,-61.2,62.3,IT-IT,-0.0034140723390977,-4.246008828046005,0.0018998100189981,0.029227846446124615
224,RH,SomMotA,Somatomotor,54.6,-16.8,40.2,IT-IT,-0.0030116171545033,-4.220384295825585,0.0035996400359964,0.043632000436320005
220,RH,VisPeri,Visual,15.8,-66.0,18.8,IT-IT,-0.0042277668059715,-4.184264211449805,9.999000099990002e-05,0.0033330000333300007
199,LH,TempPar,Temporoparietal,-56.6,-53.7,10.0,IT-IT,-0.0051517544363525,-4.163973139394978,9.999000099990002e-05,0.0033330000333300007
34,LH,SomMotA,Somatomotor,-32.1,-28.9,62.2,IT-IT,-0.0032522656896158,-4.155258079596989,0.0004999500049995,0.00999900009999
279,RH,DorsAttnB,Dorsal attention,7.4,-53.7,59.8,IT-IT,-0.0032767823469064,-4.091267749766671,9.999000099990002e-05,0.0033330000333300007
86,LH,SalVentAttnA,Salience / ventral attention,-54.6,-32.0,22.2,IT-IT,-0.0041099445326131,-4.066280607188026,9.999000099990002e-05,0.0033330000333300007
68,LH,DorsAttnA,Dorsal attention,-22.7,-65.5,46.4,IT-IT,-0.0037523956206046,-3.734258006545389,0.0001999800019998,0.004999500049995
74,LH,DorsAttnB,Dorsal attention,-54.8,-19.8,40.7,IT-IT,-0.004227649272652,-3.6864254855232215,9.999000099990002e-05,0.0033330000333300007
20,LH,VisPeri,Visual,-18.9,-64.2,7.0,IT-IT,-0.0051426512174629,-3.648542985999753,9.999000099990002e-05,0.0033330000333300007
266,RH,DorsAttnA,Dorsal attention,31.6,-66.5,35.4,IT-IT,-0.0047346931375908,-3.6467479340464553,0.0001999800019998,0.004999500049995
35,LH,SomMotA,Somatomotor,-29.8,-38.3,64.8,IT-IT,-0.0035363378363734,-3.5199078188504407,9.999000099990002e-05,0.0033330000333300007
396,RH,TempPar,Temporoparietal,59.3,-46.4,7.0,IT-IT,-0.0042531532460758,-3.506423004335193,9.999000099990002e-05,0.0033330000333300007
278,RH,DorsAttnB,Dorsal attention,35.8,-36.0,51.5,IT-IT,-0.0028154505571438,-3.466316379329041,0.0022997700229977,0.03407066700737333
285,RH,SalVentAttnA,Salience / ventral attention,57.9,-30.9,24.3,IT-IT,-0.0031918438594789,-3.465584396905911,9.999000099990002e-05,0.0033330000333300007
122,LH,ContA,Frontoparietal control,-28.8,-74.2,42.3,IT-IT,-0.0039338943177287,-3.4547334836163497,0.0012998700129987,0.021664500216645
80,LH,DorsAttnB,Dorsal attention,-19.7,-56.5,66.3,IT-IT,-0.0040784178668848,-3.440905585246637,0.0001999800019998,0.004999500049995
88,LH,SalVentAttnA,Salience / ventral attention,-61.2,-36.1,33.3,IT-IT,-0.0028238720111389,-3.410913754993695,0.0037996200379962,0.04470141221172
188,LH,DefaultC,Default mode,-40.4,-78.5,30.2,IT-IT,-0.0032246027437395,-3.291794495366593,0.0028997100289971,0.03741561327738194
76,LH,DorsAttnB,Dorsal attention,-46.2,-29.1,43.8,IT-IT,-0.0029504715880312,-3.150564801929536,0.0027997200279972,0.037329600373296
286,RH,SalVentAttnA,Salience / ventral attention,60.4,-21.9,22.5,IT-IT,-0.0036813749550849,-3.136354988687864,9.999000099990002e-05,0.0033330000333300007
349,RH,ContB,Frontoparietal control,27.5,59.2,2.8,IT-IT,-0.003266025952662,-2.965223166794373,0.0003999600039996,0.008420210610517894
260,RH,DorsAttnA,Dorsal attention,49.8,-49.3,-18.1,IT-IT,-0.0026032795851807,-2.9485307473272844,0.0032996700329967,0.04124587541245875
253,RH,SomMotB,Somatomotor,59.2,0.7,10.4,IT-IT,-0.0034823342885647,-2.945682279920225,0.0001999800019998,0.004999500049995
27,LH,SomMotA,Somatomotor,-48.7,-17.4,54.2,IT-IT,-0.0033430325346056,-2.9260823991532368,0.0002999700029997,0.006666000066659999
150,LH,DefaultA,Default mode,-41.4,-72.0,43.3,IT-IT,-0.0043674516046629,-2.9089596921104595,9.999000099990002e-05,0.0033330000333300007
356,RH,ContC,Frontoparietal control,7.3,-43.7,19.8,IT-IT,-0.003251772396178,-2.810047776352682,0.0043995600439956,0.048643784270221625
254,RH,SomMotB,Somatomotor,49.0,-21.3,18.5,IT-IT,-0.0036024413262389,-2.764043935082347,0.0005999400059994,0.010908000109079998
264,RH,DorsAttnA,Dorsal attention,35.6,-79.3,24.2,IT-IT,-0.0043476484805507,-2.6150080204201247,0.0006999300069993,0.01217269577390087
71,LH,DorsAttnA,Dorsal attention,-14.9,-71.1,57.0,IT-IT,-0.0037691619755418,-2.5933815404439216,0.0005999400059994,0.010908000109079998
272,RH,DorsAttnA,Dorsal attention,13.5,-64.0,64.8,IT-IT,-0.004178518311401,-2.5821839658721117,0.0002999700029997,0.006666000066659999
32,LH,SomMotA,Somatomotor,-3.9,-8.6,59.1,IT-IT,-0.0033694381377533,-2.505670872805502,9.999000099990002e-05,0.0033330000333300007
304,RH,SalVentAttnB,Salience / ventral attention,62.1,-37.4,37.0,IT-IT,-0.0032865384687855,-2.476396697850737,0.0044995500449955,0.048643784270221625
59,LH,SomMotB,Somatomotor,-48.0,-16.3,40.2,IT-IT,-0.002515627255994,-2.2397029723265622,0.0027997200279972,0.037329600373296
355,RH,ContC,Frontoparietal control,8.5,-71.0,52.4,IT-IT,-0.003282358593331,-2.062663396831899,0.0040995900409959,0.046852457611381716
345,RH,ContB,Frontoparietal control,34.4,15.6,55.5,IT-IT,-0.0030881011432289,-2.020884782105607,0.0024997500249975,0.035710714642821426
