roi,condition,n,theta_z,se_group_mean_z,ci_lo,ci_hi,sign_flip_p,direction,mean_r_raw,mean_r_back_tx,ci_boot_lo,ci_boot_hi,passes
A1+,IP-IP,19,0.33727098375970477,0.021632972783661567,0.2948703571037281,0.3796716104156814,9.999000099990002e-05,greater,0.3206276197734363,0.3250388689757782,0.32163568895397737,0.35101156361408087,True
A1+,SP-SP,19,0.29713351007342326,0.01658638662094059,0.2646241922963797,0.32964282785046684,9.999000099990002e-05,greater,0.28574182928323744,0.2886871964202202,0.2849488311514195,0.3098890251889575,True
A1+,IT-IT,19,0.14051547779049944,0.009424363028351316,0.12204372625493086,0.158987229326068,9.999000099990002e-05,greater,0.1384945235081724,0.1395979165837139,0.11749430769475072,0.16512819793007677,True
A1+,IT-IP,19,-0.11317294134220875,0.010862265521123857,-0.13446298176361152,-0.09188290092080599,1.0,greater,-0.11161805389940653,-0.11269222667543763,-0.13577405133397383,-0.08934222147934404,False
mSTG,IP-IP,19,0.2776512640097919,0.02465463826242106,0.2293281730154466,0.3259743550041372,9.999000099990002e-05,greater,0.26579462478598653,0.27072988154956973,0.2562472700265396,0.29947709878514506,True
mSTG,SP-SP,19,0.25952335086858425,0.015590365729617967,0.22896623403853303,0.29008046769863544,9.999000099990002e-05,greater,0.2504177217748717,0.25384965258033654,0.23766926703558114,0.28215531831946616,True
mSTG,IT-IT,19,0.18994634156217394,0.011741430491905803,0.16693313779803856,0.2129595453263093,9.999000099990002e-05,greater,0.18584624695650076,0.1876944382958346,0.16791623493584393,0.2108507120747927,True
mSTG,IT-IP,19,-0.12733780484314475,0.01079920028101962,-0.1485042373939432,-0.1061713722923463,1.0,greater,-0.1252079004702136,-0.1266539824573588,-0.14995997867759245,-0.10509666494633534,False
dlPFC,IP-IP,19,0.11621244430609208,0.011786656626390234,0.09311059731836722,0.13931429129381695,9.999000099990002e-05,greater,0.11477130116776924,0.115692092578774,0.1049187723037349,0.1279845274267743,True
dlPFC,SP-SP,19,0.15196516884146397,0.015078427638424693,0.12241145067015156,0.18151888701277635,9.999000099990002e-05,greater,0.14895053407067607,0.150806076512201,0.13174788809357912,0.17385232614758364,True
dlPFC,IT-IT,19,0.14627675294677905,0.009415516524807635,0.12782234055815608,0.16473116533540202,9.999000099990002e-05,greater,0.1442883260682581,0.1452423164127999,0.1367985724507266,0.15687434544180656,True
dlPFC,IT-IP,19,0.014114970228504609,0.009322942364971729,-0.004157996806839981,0.0323879372638492,0.071992800719928,greater,0.013941290025709225,0.014114032916809509,-0.00974469098004758,0.036456117000121795,False
AG,IP-IP,19,0.13442554899411063,0.013215075152588391,0.10852400169503738,0.16032709629318387,9.999000099990002e-05,greater,0.13035939504711508,0.13362165896859518,0.10690178897013675,0.1631337703221252,True
AG,SP-SP,19,0.10113536662835672,0.015005393997401445,0.07172479439344989,0.13054593886326354,0.00019998000199980003,greater,0.09893459439908418,0.10079195518143882,0.07790136515425954,0.12466866597681124,True
AG,IT-IT,19,0.13256134005854772,0.013820817264483195,0.10547253822016066,0.15965014189693477,9.999000099990002e-05,greater,0.12977951076556357,0.1317902809409665,0.10490629166915279,0.1595493709295045,True
AG,IT-IP,19,-0.02888616120850571,0.013812581134947531,-0.05595882023300287,-0.0018135021840085495,0.974002599740026,greater,-0.028299543233889526,-0.028878129585592535,-0.05113914154215859,-0.007918858155562163,False
PCC,IP-IP,19,0.13067868039428646,0.009451950708796867,0.1121528570050446,0.14920450378352831,9.999000099990002e-05,greater,0.12796359188396442,0.12993986365410026,0.10992908134867174,0.1512910706705746,True
PCC,SP-SP,19,0.09551281492997699,0.01394247581607444,0.06818556233047109,0.12284006752948289,9.999000099990002e-05,greater,0.09393509857821247,0.0952234260377051,0.07926872500397635,0.11178283834701433,True
PCC,IT-IT,19,0.1962109348174319,0.01205508872099973,0.17258296092427244,0.21983890871059136,9.999000099990002e-05,greater,0.1909266346398075,0.19373115780665287,0.1691934496392994,0.2239823061390279,True
PCC,IT-IP,19,0.10436724296937162,0.012982298733420241,0.07892193745186796,0.1298125484868753,9.999000099990002e-05,greater,0.10250225939588253,0.10398994596109881,0.07279937543123867,0.1368843568823124,True
dmPFC,IP-IP,19,0.09766833101974576,0.008099826086513509,0.08179267189017927,0.11354399014931224,9.999000099990002e-05,greater,0.09628854788926455,0.09735895534665555,0.08063417408050146,0.1148241694914813,True
dmPFC,SP-SP,19,0.062307353768044096,0.010092513230673712,0.04252602783592362,0.08208867970016456,0.00019998000199980003,greater,0.06173802513388945,0.06222684877938191,0.050872084748847565,0.07364823526228614,True
dmPFC,IT-IT,19,0.17770543644934442,0.010784584047809248,0.1565676517156383,0.19884322118305053,9.999000099990002e-05,greater,0.17389232691181453,0.1758581672570893,0.15630919884702338,0.20398003502575984,True
dmPFC,IT-IP,19,0.039848013187421726,0.01181680186048317,0.016687081540874716,0.06300894483396874,0.0022997700229977,greater,0.03929888234347758,0.039826935497461295,0.02045082828327199,0.05978271972134904,True
vmPFC,IP-IP,19,0.027708502851083294,0.006470377078736315,0.015026563776760118,0.04039044192540647,0.005599440055994401,greater,0.027207085896368454,0.027701413857647968,0.005357091859356752,0.05228301951619934,True
vmPFC,SP-SP,19,0.04013419149465499,0.008250328510382786,0.02396354761430473,0.05630483537500525,0.0012998700129987,greater,0.039394109915965266,0.040112656608679714,0.015630640943245205,0.0654598555359025,True
vmPFC,IT-IT,19,0.08852250637464334,0.0054985121077661585,0.07774542264342167,0.09929959010586502,9.999000099990002e-05,greater,0.08708499579390987,0.0882920011694096,0.06344958378924072,0.11693659448479286,True
vmPFC,IT-IP,19,0.007891911499288709,0.005013821272204083,-0.0019351781942312934,0.01771900119280871,0.06779322067793221,greater,0.007436649153910645,0.007891747661323712,-0.016687946521093365,0.03804305220589292,False
PMC,IP-IP,19,0.11923546337059775,0.012988712371780946,0.09377758712190709,0.1446933396192884,9.999000099990002e-05,greater,0.11661607614453366,0.11867359772793958,0.09752475578888145,0.14077218298757405,True
PMC,SP-SP,19,0.08284178112674513,0.012860383391325619,0.05763542967974692,0.10804813257374335,0.00019998000199980003,greater,0.08129899356727996,0.08265279213101212,0.06587660037352286,0.0984448204051926,True
PMC,IT-IT,19,0.19096848858590545,0.010667878181606073,0.17005944734995754,0.21187752982185337,9.999000099990002e-05,greater,0.18632047693041257,0.18868038639661855,0.16943584827787964,0.2133630966593126,True
PMC,IT-IP,19,0.04620534892460411,0.01037550607726011,0.025869357013174294,0.06654134083603393,0.0005999400059994001,greater,0.04561975150859283,0.046172495186267135,0.02258027113640617,0.07005698614145826,True
